experienced_editor,wikiproject,uucf_score,pos,project_member,common_edits
Tobby72,Africa,0.017995285766631869,1,DerHexer,965
Kwameghana,Africa,0.017730112865289027,2,Crosstemplejay,7
Tpbradbury,Africa,0.017240358836481031,3,DerHexer,1992
Antandrus,Africa,0.016850115993002613,4,DerHexer,3104
NewEnglandYankee,Africa,0.016544102435251489,5,DerHexer,2101
Bongwarrior,Africa,0.016411742464493916,6,DerHexer,3592
Philip Trueman,Africa,0.016170927017020179,7,The Thing That Should Not Be,7176
Tide rolls,Africa,0.015791874446600414,8,The Thing That Should Not Be,7800
Ntsctalk,Africa,0.015790422662089479,9,Kain Nihil,8
Excirial,Africa,0.014937126657874346,10,The Thing That Should Not Be,6205
Ixfd64,Africa,0.014505139173568504,11,DerHexer,2384
Discospinster,Africa,0.01446244711902602,12,The Thing That Should Not Be,8278
El C,Africa,0.014358864900345577,13,DerHexer,1718
RoyBoy,Africa,0.014220237723563435,14,DerHexer,1672
Kuru,Africa,0.014219540222570092,15,DerHexer,2202
AlexiusHoratius,Africa,0.014197380725355589,16,DerHexer,1398
Bobo192,Africa,0.014195223093158928,17,DerHexer,4600
Alansohn,Africa,0.013915667334449105,18,The Thing That Should Not Be,8702
Ahoerstemeier,Africa,0.013792938231756657,19,DerHexer,3103
Mentifisto,Africa,0.013753308147219036,20,DerHexer,1915
Jusdafax,Africa,0.013606842016022008,21,The Thing That Should Not Be,3598
Keilana,Africa,0.013488981834664644,22,DerHexer,2026
Graham87,Africa,0.013354934354055315,23,DerHexer,2865
Swarupam84,Africa,0.01328339186517875,24,Ssriram mt,10
Gurch,Africa,0.013247176962798635,25,DerHexer,3000
MER-C,Africa,0.013159862207058637,26,DerHexer,3144
Husond,Africa,0.013144661080604157,27,DerHexer,1382
OwenX,Africa,0.013108441062767515,28,DerHexer,979
Everyking,Africa,0.01309505767217323,29,DerHexer,2758
Kingpin13,Africa,0.013080908351337467,30,DerHexer,1862
Golfingwino,Africa,0.013059291909456108,31,Hmlarson,9
Mike Rosoft,Africa,0.013042050953637767,32,DerHexer,2288
Gilliam,Africa,0.013033437878638497,33,The Thing That Should Not Be,7365
Ohnoitsjamie,Africa,0.012756972847747131,34,DerHexer,2212
Jeff G.,Africa,0.012716207222451514,35,DerHexer,2223
ESkog,Africa,0.012708935227447255,36,DerHexer,2134
Sceptre,Africa,0.012651495018196689,37,DerHexer,1507
Wtmitchell,Africa,0.012633222389930499,38,The Thing That Should Not Be,2989
Seaphoto,Africa,0.012596181498254241,39,The Thing That Should Not Be,3787
Widr,Africa,0.012537979128647804,40,The Thing That Should Not Be,6448
Wheatley36,Anime and manga,0.026440143864127966,1,Admrboltz,7
Carlsaga,Anime and manga,0.026219369088605067,2,Anirudh Emani,5
DreamingLady,Anime and manga,0.02251615853728297,3,Setokaiba,9
Marietorchon,Anime and manga,0.019332139253635115,4,Kingofgames2,13
DerHexer,Anime and manga,0.018277214818700073,5,MartinBot,5011
TheDisneyGamer,Anime and manga,0.017700777403617255,6,Salvidrim!,5
Jazama,Anime and manga,0.017394465063761379,7,Blake,34
Tobby72,Anime and manga,0.017106391415219972,8,Luna Santin,847
Bongwarrior,Anime and manga,0.017069019294246184,9,MartinBot,5589
NewEnglandYankee,Anime and manga,0.016859726976191466,10,MartinBot,3055
Antandrus,Anime and manga,0.0167156610676139,11,MartinBot,4780
Tpbradbury,Anime and manga,0.016443514256061567,12,MartinBot,2940
Philip Trueman,Anime and manga,0.016104656219821024,13,J.delanoy,8593
Danhor09,Anime and manga,0.015365453509014894,14,CR4ZE,5
Phediuk,Anime and manga,0.015327746854859632,15,Combination,27
Ixfd64,Anime and manga,0.015245405422309587,16,MartinBot,3506
Sonicgalaxy27,Anime and manga,0.015148241289648031,17,Takuthehedgehog,6
RoyBoy,Anime and manga,0.015018025816955063,18,Luna Santin,1414
Kuru,Anime and manga,0.014948588446304712,19,Luna Santin,1878
Steel,Anime and manga,0.014785810346754538,20,Luna Santin,612
Excirial,Anime and manga,0.014605371677862397,21,J.delanoy,7507
Discospinster,Anime and manga,0.014571752043614841,22,J.delanoy,10808
AlexiusHoratius,Anime and manga,0.01455244721702695,23,Luna Santin,1190
Giovanosky,Anime and manga,0.014350119995070741,24,Gavyn Sykes,27
OwenX,Anime and manga,0.014311998093147172,25,Luna Santin,913
Bobo192,Anime and manga,0.014289598418099063,26,MartinBot,7408
Mentifisto,Anime and manga,0.014204205884110114,27,MartinBot,2736
HalfShadow,Anime and manga,0.014161619763710937,28,Luna Santin,880
Jusdafax,Anime and manga,0.014156796825490448,29,Tide rolls,3758
Keilana,Anime and manga,0.014063214769620361,30,MartinBot,2899
Sceptre,Anime and manga,0.01404228246036286,31,Luna Santin,1241
Sdpdude9,Anime and manga,0.013978631436060906,32,Kingofgames2,7
Shinkazamaturi,Anime and manga,0.013965050338960736,33,Gavyn Sykes,46
Husond,Anime and manga,0.013817997572300776,34,Luna Santin,1130
El C,Anime and manga,0.013731092233919016,35,MartinBot,2622
Kingpin13,Anime and manga,0.013705662914649055,36,MartinBot,2771
Alansohn,Anime and manga,0.013627311235038082,37,J.delanoy,10949
Vaati the Wind Demon,Anime and manga,0.013580315001122643,38,Linkdude20002001,7
Mike Rosoft,Anime and manga,0.013511869956300538,39,MartinBot,3413
Slakr,Anime and manga,0.013486545390069788,40,Luna Santin,1005
Lotheric,Asia,0.030089199005736041,1,P.T. Aufrette,112
Asubrt,Asia,0.018407883451703029,2,Druid.raul,18
AerospaceAirAviation,Asia,0.018151368056721733,3,Druid.raul,11
Aphotdog95,Asia,0.017997591853756368,4,Druid.raul,16
Sunnya343,Asia,0.017593602185520873,5,Druid.raul,22
Sportsblue1992,Asia,0.017188525635010141,6,Bagumba,5
Daduxing,Asia,0.016996968521369567,7,Chinyin,12
Mustangmanxxx,Asia,0.016976988742111822,8,Druid.raul,15
JPark99,Asia,0.016806105599413656,9,Druid.raul,46
Saturnpilot,Asia,0.016552822500670108,10,Druid.raul,13
Mrpresidentfaris,Asia,0.016513113723915042,11,Cerevisae,23
Nay1989,Asia,0.016377933942693615,12,Gmatsuda,19
Mehdi ghaed,Asia,0.015674928340615457,13,Mhhossein,8
Jimka1,Asia,0.015275653276609279,14,Druid.raul,26
Tobby72,Asia,0.015111074412050072,15,Wavelength,1069
Tpbradbury,Asia,0.015024800673678307,16,Wavelength,2087
Antandrus,Asia,0.014657110898070713,17,Wavelength,2532
DerHexer,Asia,0.014633568138442897,18,Wavelength,2285
Iloveixe,Asia,0.014576543033241523,19,Druid.raul,11
Erictheenquirer,Asia,0.014419820717819503,20,Greyshark09,24
Amdmustafa,Asia,0.014402325567756207,21,Druid.raul,12
Philip Trueman,Asia,0.014191246291013631,22,Wavelength,3526
Eliz2009,Asia,0.014056107646739507,23,Druid.raul,17
NewEnglandYankee,Asia,0.014048093887122642,24,Wavelength,1574
NWL757,Asia,0.013969327608245605,25,Druid.raul,7
Kippi70,Asia,0.013952190625813023,26,Huldra,65
Bongwarrior,Asia,0.013902904356288064,27,Wavelength,2682
Tide rolls,Asia,0.013762829970695944,28,Wavelength,3762
Asanagi,Asia,0.013306255451815208,29,Victuallers,46
Mlh 8861,Asia,0.013264862539957593,30,Kintetsubuffalo,20
Tafeax,Asia,0.012955966765045882,31,Druid.raul,20
Inception2010,Asia,0.012929950752964254,32,Futurist110,8
Discospinster,Asia,0.012807667356352956,33,Wavelength,4576
Bodhadeepika,Asia,0.012802284503389367,34,MartinBotIII,5
Excirial,Asia,0.012778887056509723,35,Wavelength,3158
El C,Asia,0.012767908127899328,36,Wavelength,1871
Alansohn,Asia,0.012600724872024707,37,Wavelength,4338
SideshowBob7,Asia,0.012488819898617148,38,Druid.raul,23
Vjie83,Asia,0.012457399794764606,39,Druid.raul,10
Bobo192,Asia,0.012346267872704486,40,Wavelength,3502
DerHexer,Birds,0.019564758326139922,1,Trusilver,1930
Tpbradbury,Birds,0.019274663322896502,2,Mav,1587
NewEnglandYankee,Birds,0.018917840217882634,3,Mav,1331
Antandrus,Birds,0.018806493529347802,4,Mav,2089
Tobby72,Birds,0.018222695372957964,5,Mav,753
Philip Trueman,Birds,0.018066064889686068,6,Trusilver,2795
Bongwarrior,Birds,0.017979470541257554,7,Trusilver,2369
Tide rolls,Birds,0.017386825732677406,8,Trusilver,3043
Ixfd64,Birds,0.016547095355927997,9,Mav,1381
Excirial,Birds,0.016355043886660696,10,Trusilver,2477
AlexiusHoratius,Birds,0.01623342207638526,11,Mav,900
Steveoc 86,Birds,0.016196935329333566,12,Sheep81,18
El C,Birds,0.016179168719161967,13,Mav,1270
Ahoerstemeier,Birds,0.015969380211556972,14,Mav,2329
RoyBoy,Birds,0.01591644059882516,15,Mav,1086
Discospinster,Birds,0.0158904675489336,16,Trusilver,3313
Bobo192,Birds,0.015600488461459274,17,Trusilver,2748
Kuru,Birds,0.015528183960330861,18,Trusilver,1290
Alansohn,Birds,0.015233197351059767,19,Trusilver,3261
Mentifisto,Birds,0.014931867498702518,20,Trusilver,1151
Keilana,Birds,0.01476626445538886,21,Trusilver,1191
Gurch,Birds,0.01465094572605986,22,Mav,1665
MER-C,Birds,0.014597572050756406,23,Graham87,3277
Jusdafax,Birds,0.014572684381309077,24,Trusilver,1481
Gilliam,Birds,0.014387989366935208,25,Trusilver,2976
Kingpin13,Birds,0.014372264706736401,26,Trusilver,1163
OwenX,Birds,0.014362689984364621,27,Shanel,303
Husond,Birds,0.014233236881625842,28,Mav,775
Swidran,Birds,0.014204910509735089,29,Fir0002,11
Evercat,Birds,0.014091583000317511,30,Mav,596
Everyking,Birds,0.014090911916826961,31,Mav,2010
Ohnoitsjamie,Birds,0.014030793490870729,32,Trusilver,1493
Seeland'78,Birds,0.01402982128891537,33,Moxy,32
Mike Rosoft,Birds,0.013997435142013473,34,Mav,1370
Steel,Birds,0.013755927689178798,35,Shanel,216
Sceptre,Birds,0.013638945698186218,36,Mav,801
ESkog,Birds,0.013629226977345102,37,Mav,1234
MONGO,Birds,0.013548413289213728,38,Mav,789
Widr,Birds,0.013516495278308433,39,Trusilver,2472
Slakr,Birds,0.013496605043960119,40,Trusilver,716
Information Provided,College football,0.081541009131680275,1,Athies22,5
Ajc7755,College football,0.024265057679929536,2,João Do Rio,5
Davidraider88,College football,0.023072809637206551,3,Nolephin,8
AJArre,College football,0.021740687617691438,4,Nascarking,14
Wareagle529,College football,0.018941692680134053,5,Akatheflake,5
DerHexer,College football,0.018115179492768096,6,Thingg,3059
Bongwarrior,College football,0.017895201246626771,7,Thingg,3527
Ii2nmd,College football,0.017563442248235063,8,PYLrulz,8
Tpbradbury,College football,0.017411414467383295,9,Thingg,1869
Antandrus,College football,0.017192138711781563,10,Thingg,2890
DMOinLA,College football,0.016995467642581603,11,Squadoosh,13
Tobby72,College football,0.016891136231271513,12,Thingg,896
Tide rolls,College football,0.016711499926935644,13,Thingg,4619
Philip Trueman,College football,0.016661528064941537,14,Thingg,4299
NewEnglandYankee,College football,0.016443192132310852,15,Thingg,1972
LR2014,College football,0.016135749889450348,16,Corkythehornetfan,5
Rolltide pisco,College football,0.015703745595777172,17,Akatheflake,41
GarnetAndBlack,College football,0.015543725306761184,18,MDSanker,52
Campbell301,College football,0.0153562870887136,19,Bigmaninthebox,20
Discospinster,College football,0.01535513228065557,20,Thingg,5219
Sportsblue1992,College football,0.015282112073361644,21,NoseNuggets,5
Nay1989,College football,0.015219537257594649,22,Blackngold29,16
Excirial,College football,0.015197176351666215,23,Thingg,3775
AlexiusHoratius,College football,0.015180413689362291,24,Thingg,1380
Bobo192,College football,0.015091046493815534,25,Thingg,4369
Alansohn,College football,0.015069385026862905,26,Thingg,5171
Seeland'78,College football,0.014931285548099936,27,Jcam,22
Kuru,College football,0.014895848432419808,28,Thingg,2015
Ixfd64,College football,0.014648935334494774,29,Thingg,2187
RoyBoy,College football,0.014426117094184104,30,Thingg,1511
Saturnpilot,College football,0.014398083827988536,31,KSEA,6
Marietorchon,College football,0.014397057551646523,32,Steelerfan-94,6
Jusdafax,College football,0.014307982436754392,33,Thingg,2162
Gslash8764,College football,0.014304452769448165,34,Msr iaidoka,6
Larutan,College football,0.013930307150574913,35,Brady4mvp,10
Keilana,College football,0.013922703963373306,36,Thingg,1886
Zzyzx11 the clone,College football,0.013859562038096756,37,Msr iaidoka,35
Mentifisto,College football,0.013858312234462971,38,Thingg,1791
ESkog,College football,0.01383468234581269,39,Thingg,2044
Ibf19ivy,College football,0.013617455814687719,40,Jweiss11,6
K'vixis,England,0.035382377595601283,1,Worm That Turned,6
Let's keep it neutral,England,0.024402118653229939,2,Cradel,6
MSR-Worcester,England,0.019577214116647208,3,Shudde,15
Cosmos666,England,0.019324580206727598,4,Tefalstar,5
Johnny starlake,England,0.018746297137263959,5,Harkey Lodger,5
Frasinlucian,England,0.016739312161581494,6,Shudde,11
Larosiere5,England,0.016604127720907597,7,Shudde,22
DerHexer,England,0.016418485905265082,8,Oxymoron83,3118
Philip Trueman,England,0.015748818597243509,9,The Thing That Should Not Be,7176
NewEnglandYankee,England,0.015257333772693544,10,Oxymoron83,2029
Tobby72,England,0.014984280499032861,11,Tpbradbury,991
Bongwarrior,England,0.014920799230466511,12,The Thing That Should Not Be,5298
Antandrus,England,0.01491743440809871,13,Oxymoron83,2903
Tide rolls,England,0.014744801191711876,14,The Thing That Should Not Be,7800
Excirial,England,0.014502710133212115,15,The Thing That Should Not Be,6205
Lolita3000,England,0.014120647999746834,16,Tedaram,7
Naddy555,England,0.014067444421919545,17,Mattythewhite,107
Arianit,England,0.013798235316676143,18,Bindicapriqi,8
Discospinster,England,0.013607240483045345,19,The Thing That Should Not Be,8278
Bobo192,England,0.013588459701391263,20,The Thing That Should Not Be,6755
Seeland'78,England,0.013390493519481355,21,Moxy,32
HTBrah,England,0.013246734468428212,22,Shudde,5
Ixfd64,England,0.013111689660626702,23,Oxymoron83,2211
Alansohn,England,0.013083112272315896,24,The Thing That Should Not Be,8702
AlexiusHoratius,England,0.013034863910031665,25,Tpbradbury,1107
Jusdafax,England,0.0129356143576075,26,The Thing That Should Not Be,3598
BRACK66,England,0.012866560343966502,27,Tedaram,16
Kingpin13,England,0.012736092092225636,28,The Thing That Should Not Be,2777
Mentifisto,England,0.012612784824141481,29,The Thing That Should Not Be,2692
Ahoerstemeier,England,0.012559460825222996,30,Oxymoron83,2929
Pbradbury,England,0.012551448815914546,31,Tedaram,7
OriolesMagic,England,0.012519494270245433,32,Geoking66,6
N7jain,England,0.012515954792288833,33,Arteyu,5
RoyBoy,England,0.012479134331316378,34,Oxymoron83,1477
El C,England,0.012342191021307146,35,Tpbradbury,1398
Juan Miguel,England,0.012335934260195289,36,Simon Burchell,6
MER-C,England,0.012324093013566396,37,The Thing That Should Not Be,4427
Rhettz,England,0.012305211339609124,38,Jappalang,5
Kuru,England,0.012257057672984538,39,Oxymoron83,2030
Gilliam,England,0.012155045746325739,40,The Thing That Should Not Be,7365
MrWoodySir,Film,0.024375201333796739,1,D4nnyw14,10
Animation100,Film,0.022368109640958755,2,Spinc5,6
Music01,Film,0.019891208939388345,3,Legolas2186,11
Lazor9000,Film,0.019825666301734667,4,AncientHaemovore,6
I.G.I.cool,Film,0.018008234350079057,5,Warner REBORN,6
Neuron Doc,Film,0.017503934768657362,6,A314268,5
Jasonnguyen2606,Film,0.017354157740491524,7,Gran2,5
DerHexer,Film,0.017287546496296425,8,Tide rolls,4685
Tpbradbury,Film,0.016721725659665444,9,Tide rolls,2974
Bongwarrior,Film,0.016657546423195946,10,Tide rolls,5894
Antandrus,Film,0.016176122207005691,11,Tide rolls,4549
Philip Trueman,Film,0.016131689680770563,12,Tide rolls,7510
Tobby72,Film,0.015613281002128315,13,RoyBoy,610
NewEnglandYankee,Film,0.015563165165369347,14,Tide rolls,3050
Discospinster,Film,0.014719005728122911,15,Tide rolls,9441
Maximunicorn,Film,0.014667414161063718,16,IndianBio,5
ThomasDaCat,Film,0.01465885257247831,17,Killswitch Engage,6
Excirial,Film,0.014377291222387357,18,Tide rolls,6691
Sammyjankis88,Film,0.014376792695565303,19,Wrath X,5
Marietorchon,Film,0.014363730189696403,20,Killswitch Engage,12
DreamingLady,Film,0.014236204876577646,21,Unused000702,36
Ixfd64,Film,0.014203543522899946,22,Tide rolls,3404
Bobo192,Film,0.014174252962218309,23,Tide rolls,7306
74thClarkBarHG,Film,0.014037249162089718,24,Vilnisr,6
SonOfThornhill,Film,0.014002395511945816,25,ColdFusion650,17
Sbari7057,Film,0.013941051466814621,26,Bertaut,11
Feoffer,Film,0.013621448050133995,27,Smee,9
Danhor09,Film,0.01334883336568817,28,CR4ZE,5
Jamchip,Film,0.013339711642127938,29,CT Cooper,47
Delfino319,Film,0.013316535117522987,30,Anthonydraco,5
AlexiusHoratius,Film,0.013292436922504761,31,SchfiftyThree,739
Casual Builder,Film,0.013224903315496818,32,Diaa abdelmoneim,6
Sportsblue1992,Film,0.013060347566978188,33,ZappaOMati,8
Mentifisto,Film,0.01299034358717519,34,Tide rolls,2825
Ahoerstemeier,Film,0.012980791059986464,35,Tide rolls,4562
Benriggers,Film,0.012977468589626609,36,Spudgfsh,54
דניאל בראון,Film,0.012922533249589882,37,Fbv65edel,6
Sceptre,Film,0.012907821850588115,38,Tide rolls,1960
Keilana,Film,0.012852148269926519,39,Tide rolls,2828
Mike Rosoft,Film,0.012805646769077873,40,Tide rolls,3511
90sveped,Football,0.030453062989076442,1,Wouter1718,6
Carlsaga,Football,0.026219369088605067,2,Anirudh Emani,5
Naddy555,Football,0.02608612436777823,3,Messirulez,55
KoreanDragon,Football,0.023629785310692073,4,TheSoccerBoy,13
Bseoane07,Football,0.023216297742175943,5,Buzz-chan,9
Zotteteen1,Football,0.022579448045121974,6,TheSoccerBoy,23
Sueisfine,Football,0.021581735457580124,7,Rupert1904,274
Blocci,Football,0.021503335785251987,8,Messirulez,63
Tiago Heitor,Football,0.020629542205734108,9,Buzz-chan,14
Riktetta,Football,0.020109659150358263,10,TheSoccerBoy,17
Ivan Greber,Football,0.019794212561191453,11,Martin tamb,57
Aejsing,Football,0.019546916909169383,12,GarethTJennings,9
Mimimatz,Football,0.019415403448586,13,GarethTJennings,6
Jleaguer,Football,0.019104190152495124,14,Rhand007,5
Jamchip,Football,0.01896569947487493,15,GarethTJennings,24
Sneijder16,Football,0.018956735574843047,16,Kman196,7
Paulmdavies,Football,0.018600915735540909,17,Ben123123123,6
Mrhugre,Football,0.018334518761618582,18,Buzz-chan,9
BRACK66,Football,0.018289388312798874,19,Kman196,20
Lolita3000,Football,0.018084698908090745,20,Kman196,7
Dipralb,Football,0.017970447847490991,21,Messirulez,33
Chrmav,Football,0.017623003636357295,22,RaLo18,9
Erminameraz,Football,0.017201429830592703,23,Rupert1904,93
Alechuncho,Football,0.017125166902010266,24,Rupert1904,127
Rhysy54,Football,0.017030692631453227,25,GarethTJennings,18
Minkhairov Arthur,Football,0.017010142768459371,26,Barocci,25
Kidstylez,Football,0.016771834283462839,27,3E933333Boy,13
RoverTheBendInSussex,Football,0.016765037475739378,28,Pal~enwiki,72
TheGlasgaeJimmy,Football,0.016674177461338275,29,Kanaye,34
Nova9758,Football,0.016225993646052286,30,Bongomanrae,13
Sepguilherme,Football,0.01616787782566095,31,Rupert1904,302
Zigurat,Football,0.015856525824244582,32,Lesfer,84
Mr tim111,Football,0.015849762999934368,33,BobSlayer91,9
Inception2010,Football,0.015758523071376419,34,Ollie231213,10
Joe Sins,Football,0.015711657179500613,35,24framespersecond,5
Dklarer1,Football,0.015555224263380822,36,KslotteBot,18
Z2a,Football,0.015511441663237657,37,Pbradbury,11
Jirayu phumphong,Football,0.015482130835731894,38,Mage2one,8
Lefty112,Football,0.015429964052934023,39,Adnan n2,8
Mlh 8861,Football,0.015360983860893806,40,NThurston,8
Aman Prasada,India,0.028856080952957171,1,Logicwiki,146
Versova,India,0.023625059723556992,2,Sniperz11,17
Ii2nmd,India,0.018076118685234482,3,O,9
DerHexer,India,0.016730270605536952,4,NawlinWiki,4010
Tobby72,India,0.016657768742526124,5,NawlinWiki,1263
Casual Builder,India,0.016275453713974517,6,Arab Hafez,9
NewEnglandYankee,India,0.016208844369241464,7,DARTH SIDIOUS 2,1560
Tpbradbury,India,0.016198464746455057,8,NawlinWiki,2730
Amit20081980,India,0.016033704357690724,9,Vishal1976,6
Antandrus,India,0.015962493946666732,10,NawlinWiki,4040
Philip Trueman,India,0.015568004706365034,11,NawlinWiki,5882
Bongwarrior,India,0.015405709084385348,12,NawlinWiki,4929
Enderunlu,India,0.015259816505141794,13,EvKnight13,9
Tide rolls,India,0.014830845712385191,14,NawlinWiki,6383
RonaldoCsr,India,0.014607238248823668,15,Indianescence,5
AlexiusHoratius,India,0.01408591945875399,16,NawlinWiki,1768
Excirial,India,0.014049217985265053,17,NawlinWiki,5211
Ixfd64,India,0.014026666061098805,18,NawlinWiki,2975
El C,India,0.013964508938154442,19,NawlinWiki,2199
Discospinster,India,0.013913591034040603,20,NawlinWiki,7280
RoyBoy,India,0.01380383929878567,21,NawlinWiki,2073
Music01,India,0.013722482895249478,22,Legolas2186,11
Bobo192,India,0.013584423551744705,23,NawlinWiki,5814
Kuru,India,0.013508523306134968,24,NawlinWiki,2800
Raguks,India,0.013485981829757078,25,Ashwatham,16
Skylark2008,India,0.013443935778458106,26,AMbroodEY,5
Seeland'78,India,0.01338258500944935,27,RichardF,24
Iṣṭa Devatā,India,0.01337529489545969,28,Amitrochates,7
MER-C,India,0.013230581376298439,29,NawlinWiki,4055
Ahoerstemeier,India,0.013155988662055139,30,NawlinWiki,3970
Jusdafax,India,0.013096013137127901,31,DARTH SIDIOUS 2,1703
Anubhavklal,India,0.013076257302633209,32,Rohitde,7
Bbarmadillo,India,0.013071282711334179,33,Jytdog,9
Mentifisto,India,0.013015175576500407,34,NawlinWiki,2325
Alansohn,India,0.012970386325758107,35,NawlinWiki,7057
Husond,India,0.012952559991528665,36,NawlinWiki,1687
Keilana,India,0.012948172910763974,37,Andonic,921
OwenX,India,0.012941974073889287,38,NawlinWiki,1179
Vishvas vasuki,India,0.012792448479831664,39,Srkris,12
Mike Rosoft,India,0.012724484118440609,40,NawlinWiki,3058
Wheatley36,LGBT studies,0.026440143864127966,1,Admrboltz,7
DerHexer,LGBT studies,0.019867568483546229,2,MartinBot,5011
Antandrus,LGBT studies,0.01917959912568605,3,MartinBot,4780
Tpbradbury,LGBT studies,0.01888184335337419,4,MartinBot,2940
Bongwarrior,LGBT studies,0.018650989701076422,5,MartinBot,5589
NewEnglandYankee,LGBT studies,0.018540988581420444,6,MartinBot,3055
Tobby72,LGBT studies,0.018527932229996897,7,El C,803
Philip Trueman,LGBT studies,0.018182301678814981,8,J.delanoy,8593
Music01,LGBT studies,0.01803263773922464,9,Stephenjamesx,6
Tide rolls,LGBT studies,0.017706084329665209,10,J.delanoy,9503
Ixfd64,LGBT studies,0.016620556542589877,11,MartinBot,3506
RoyBoy,LGBT studies,0.016390238656647845,12,Luna Santin,1414
Excirial,LGBT studies,0.016372849662734491,13,J.delanoy,7507
Discospinster,LGBT studies,0.016346525162326937,14,J.delanoy,10808
Kuru,LGBT studies,0.0162586616481356,15,Luna Santin,1878
90sveped,LGBT studies,0.016133947429373227,16,Not A Superhero,5
AlexiusHoratius,LGBT studies,0.015909676029686213,17,Luna Santin,1190
Mentifisto,LGBT studies,0.015338974132518579,18,MartinBot,2736
Jusdafax,LGBT studies,0.015300238956068931,19,J.delanoy,4033
Keilana,LGBT studies,0.015229369952277775,20,MartinBot,2899
Jamchip,LGBT studies,0.015030403959469465,21,CT Cooper,47
Kingpin13,LGBT studies,0.014962274173666957,22,MartinBot,2771
OwenX,LGBT studies,0.014951452879700256,23,Luna Santin,913
Graham87,LGBT studies,0.014775403480937173,24,MartinBot,4654
Mike Rosoft,LGBT studies,0.014740841565595485,25,MartinBot,3413
Husond,LGBT studies,0.014729005893687842,26,Luna Santin,1130
Seeland'78,LGBT studies,0.014408242690028097,27,Swollib,31
Slakr,LGBT studies,0.014393111621001518,28,Luna Santin,1005
ESkog,LGBT studies,0.014377529954614578,29,MartinBot,3172
Ohnoitsjamie,LGBT studies,0.014348171508834004,30,MartinBot,3472
Everyking,LGBT studies,0.014213959715196029,31,MartinBot,4371
MrWoodySir,LGBT studies,0.014173610514943327,32,Raintheone,14
Seaphoto,LGBT studies,0.014074827396395623,33,J.delanoy,4514
Evercat,LGBT studies,0.014030293422059355,34,Luna Santin,697
AzaToth,LGBT studies,0.013970366939696385,35,Luna Santin,548
Wtmitchell,LGBT studies,0.013861842642518532,36,J.delanoy,3624
Mimimatz,LGBT studies,0.013614180244541575,37,Not A Superhero,5
Zzuuzz,LGBT studies,0.013578736773771761,38,MartinBot,2549
Rhysy54,LGBT studies,0.01356069389192378,39,CT Cooper,34
DVdm,LGBT studies,0.013514152239169169,40,MartinBot,3146
Wingerham52,Mathematics,0.03390395459125433,1,Notorious4life,10
DerHexer,Mathematics,0.020703747949177939,2,RexNL,2873
Antandrus,Mathematics,0.020242164722594509,3,RexNL,2989
Tpbradbury,Mathematics,0.019499659689642519,4,RexNL,1951
NewEnglandYankee,Mathematics,0.019447544295549117,5,RexNL,1916
Tobby72,Mathematics,0.019273775809094614,6,RexNL,981
Dklarer1,Mathematics,0.018970027499361952,7,KslotteBot,18
Philip Trueman,Mathematics,0.018770336142646678,8,J.delanoy,8593
RoyBoy,Mathematics,0.017208848612821143,9,RexNL,1631
Kuru,Mathematics,0.016714966413347375,10,RexNL,2004
El C,Mathematics,0.016410958424934608,11,RexNL,1587
AlexiusHoratius,Mathematics,0.016346599109589681,12,RexNL,1336
Bobo192,Mathematics,0.016287221347980531,13,J.delanoy,8635
Ahoerstemeier,Mathematics,0.016252414146060157,14,RexNL,2984
Mentifisto,Mathematics,0.015826080151151133,15,RexNL,1698
Alansohn,Mathematics,0.015697643051462918,16,J.delanoy,10949
Jusdafax,Mathematics,0.015578954721794444,17,Tide rolls,3758
Keilana,Mathematics,0.015534911234673033,18,RexNL,1706
Husond,Mathematics,0.015282680770241534,19,RexNL,1252
Mike Rosoft,Mathematics,0.015209266688429169,20,RexNL,2095
Evercat,Mathematics,0.014821904880036249,21,Hadal,696
ESkog,Mathematics,0.014816547653946688,22,RexNL,2019
Ohnoitsjamie,Mathematics,0.014793220688237362,23,RexNL,2079
Sceptre,Mathematics,0.014792402592600675,24,RexNL,1331
Steel,Mathematics,0.014742688840291351,25,RexNL,628
Gilliam,Mathematics,0.014737122695099317,26,J.delanoy,9307
Slakr,Mathematics,0.014690514232762311,27,RexNL,1050
Everyking,Mathematics,0.014668781966142758,28,RexNL,2673
Jeff G.,Mathematics,0.014375088464376158,29,J.delanoy,4117
Sjakkalle,Mathematics,0.01422151988908131,30,RexNL,995
Seaphoto,Mathematics,0.014178153599297224,31,Tide rolls,4277
HalfShadow,Mathematics,0.014076639810610914,32,RexNL,945
Chrislk02,Mathematics,0.014027979838984643,33,RexNL,834
Rrburke,Mathematics,0.014026710891629561,34,RexNL,1772
MONGO,Mathematics,0.01401550476377268,35,RexNL,1072
Wtmitchell,Mathematics,0.013996726216027643,36,Bongwarrior,2494
Zzuuzz,Mathematics,0.013959424874249247,37,RexNL,1550
Widr,Mathematics,0.01383944827560901,38,J.delanoy,7848
Fuzheado,Mathematics,0.013699740634693265,39,RexNL,734
Nsaa,Mathematics,0.013571322712148047,40,RexNL,1122
CycloneYoris,Medicine,0.023560542029132738,1,Cyclonebiskit,5
Carlsaga,Medicine,0.022086520694271108,2,Cyclonebiskit,5
DerHexer,Medicine,0.018296684596533955,3,Bongwarrior,3592
90sveped,Medicine,0.017740883516901621,4,Not A Superhero,5
Antandrus,Medicine,0.017597766339604335,5,Bongwarrior,3609
Mikepascoe,Medicine,0.01759339080442926,6,Attaboy,10
NewEnglandYankee,Medicine,0.017524686404353413,7,Bongwarrior,2352
Tobby72,Medicine,0.017422716205740759,8,Tpbradbury,991
Moheen Reeyad,Medicine,0.017216794085928612,9,Arr4,7
Philip Trueman,Medicine,0.016887298157871215,10,Bongwarrior,5338
Wscsuperfan,Medicine,0.016595293240379547,11,Dainomite,5
Tide rolls,Medicine,0.016319812566809238,12,Bongwarrior,5894
Mlh 8861,Medicine,0.015737558459148159,13,Bduke,9
Ixfd64,Medicine,0.015341286056153671,14,Bongwarrior,2695
Excirial,Medicine,0.015312395637694553,15,Bongwarrior,4763
Kuru,Medicine,0.01485417128052254,16,Bongwarrior,2564
Discospinster,Medicine,0.01478693449091196,17,Bongwarrior,6502
AlexiusHoratius,Medicine,0.014700860981584156,18,Bongwarrior,1683
El C,Medicine,0.014483966059416681,19,Tpbradbury,1398
Mentifisto,Medicine,0.014373139132061391,20,Bongwarrior,2144
Bobo192,Medicine,0.014295315886714805,21,Bongwarrior,5280
Jusdafax,Medicine,0.014258153354729379,22,Bongwarrior,2634
Alansohn,Medicine,0.014060723457059535,23,Bongwarrior,6348
Ahoerstemeier,Medicine,0.013812199623924319,24,Mav,2329
OwenX,Medicine,0.013683794170673703,25,Titoxd,472
Mike Rosoft,Medicine,0.013676592044445907,26,Bongwarrior,2749
IAMGOOMBA,Medicine,0.013663157724018061,27,Fuse809,24
Ibf19ivy,Medicine,0.013617455814687719,28,Jweiss11,6
Gurch,Medicine,0.013595042007313402,29,Bongwarrior,3240
Husond,Medicine,0.013382692767593254,30,Bongwarrior,1465
Krit-tonkla,Medicine,0.013382401694209099,31,Cyclonebiskit,10
Slakr,Medicine,0.013293475029007559,32,Bongwarrior,1280
Gilliam,Medicine,0.013234339275593828,33,Bongwarrior,5728
Seaphoto,Medicine,0.013202129538329832,34,Bongwarrior,3083
ESkog,Medicine,0.013179439268326336,35,Bongwarrior,2491
Sceptre,Medicine,0.013116780094289418,36,Bongwarrior,1628
Steel,Medicine,0.012970436821132622,37,Titoxd,294
Wtmitchell,Medicine,0.012954707326064588,38,Bongwarrior,2494
Jeff G.,Medicine,0.012897288033874216,39,Bongwarrior,2725
HalfShadow,Medicine,0.012798986212350406,40,Bongwarrior,1188
Wscsuperfan,Military history,0.023283281509463023,1,Dainomite,5
Versova,Military history,0.021021479883211094,2,Chanakyathegreat,18
Caracal Rooikat,Military history,0.018710720639537614,3,BoonDock,22
VandeMataram,Military history,0.018450539035481155,4,Bcs09,6
Militibus Memoria,Military history,0.018317805479861171,5,BoonDock,19
Tobby72,Military history,0.017694179081240595,6,Tpbradbury,991
DerHexer,Military history,0.01703195207450748,7,MartinBot,5011
NewEnglandYankee,Military history,0.016545006738117478,8,Antandrus,2211
Erictheenquirer,Military history,0.016490500087236931,9,Kingsindian,12
Let's keep it neutral,Military history,0.01564741941620704,10,Interestedinfairness,5
Bongwarrior,Military history,0.015625209284881904,11,AntiVandalBot,6007
Cosmos666,Military history,0.0156200262670598,12,Simonf,5
DMorpheus2,Military history,0.015138711700755099,13,DMorpheus,10
Gotech8,Military history,0.01500786912596737,14,Zaku Two,6
LR2014,Military history,0.014554329378004684,15,Neutralhomer,5
Mlh 8861,Military history,0.014431646720149054,16,Bduke,9
Scribes52,Military history,0.014256498703188991,17,HantsAV,6
AlexiusHoratius,Military history,0.014252711395221164,18,Antandrus,1538
RoyBoy,Military history,0.0142326321461139,19,AntiVandalBot,2792
Ixfd64,Military history,0.014227560203626793,20,AntiVandalBot,3847
El C,Military history,0.01403419283782362,21,AntiVandalBot,2945
Excirial,Military history,0.013957346348206088,22,Philip Trueman,6237
Discospinster,Military history,0.013577140315873055,23,J.delanoy,10808
Mentifisto,Military history,0.013368971974285326,24,MartinBot,2736
Bobo192,Military history,0.013345114294051674,25,AntiVandalBot,8072
OwenX,Military history,0.01324515655367828,26,KnowledgeOfSelf,800
Jusdafax,Military history,0.013198524321883795,27,Philip Trueman,3456
Alansohn,Military history,0.0130337290524876,28,J.delanoy,10949
Husond,Military history,0.012988272120993698,29,KnowledgeOfSelf,1047
Kingpin13,Military history,0.012911720643985158,30,Philip Trueman,2748
Seeland'78,Military history,0.012757053759412291,31,RichardF,24
Mike Rosoft,Military history,0.012719007827276765,32,AntiVandalBot,3763
Steel,Military history,0.012698928328456212,33,KnowledgeOfSelf,548
Dmuc,Military history,0.012675575933458982,34,Anir1uph,5
VapourNudge,Military history,0.012671865908175749,35,Sdsds,5
Maxzden,Military history,0.012522788372413704,36,Trulystand700,8
AzaToth,Military history,0.012505846290193693,37,KnowledgeOfSelf,503
Joydeep ghosh,Military history,0.012496854223098557,38,Bcs09,8
Everyking,Military history,0.012484890622865914,39,AntiVandalBot,4955
Sceptre,Military history,0.012449238385004112,40,KnowledgeOfSelf,1139
Montreal Royals,National Football League,0.026275426055811485,1,Histmaven,8
Sportsblue1992,National Football League,0.023791023633827544,2,GalaxyFighter55,7
Ii2nmd,National Football League,0.022291613804759112,3,PYLrulz,8
Nay1989,National Football League,0.020076730112944273,4,Silent Wind of Doom,20
Campbell301,National Football League,0.019310071768544136,5,Bigmaninthebox,20
MisterHungry,National Football League,0.018753842677412227,6,GalaxyFighter55,18
Marietorchon,National Football League,0.018713247956447437,7,Bmg916,19
Bongwarrior,National Football League,0.018351512868505455,8,MartinBot,5589
DerHexer,National Football League,0.018169565010399968,9,MartinBot,5011
AJArre,National Football League,0.0174815066230202,10,Nascarking,14
Antandrus,National Football League,0.017292887819616264,11,MartinBot,4780
Tpbradbury,National Football League,0.016970966740609918,12,MartinBot,2940
Tide rolls,National Football League,0.016762379876728215,13,J.delanoy,9503
Philip Trueman,National Football League,0.01656637676811375,14,J.delanoy,8593
Wareagle529,National Football League,0.016470712941317391,15,Nascarking,5
Chainclaw,National Football League,0.016450276339381523,16,Americanhero24,45
NewEnglandYankee,National Football League,0.016308673544566245,17,MartinBot,3055
Tobby72,National Football League,0.016150662858127964,18,MartinBot,1346
LR2014,National Football League,0.016135749889450348,19,Corkythehornetfan,5
Tcatnoc23,National Football League,0.016116605054785352,20,Americanhero24,36
Ivan Greber,National Football League,0.015646877099308572,21,T23tran,31
Sydneym42,National Football League,0.015620041717251178,22,Silent Wind of Doom,12
Kuru,National Football League,0.01550061453164971,23,MartinBot,3174
Discospinster,National Football League,0.015474914620877155,24,J.delanoy,10808
Freshman5000,National Football League,0.01537282644074554,25,Bmg916,14
Giovanosky,National Football League,0.015324609752783377,26,Monnitewars,10
Alansohn,National Football League,0.015187172577799472,27,J.delanoy,10949
Bobo192,National Football League,0.015153339814666574,28,MartinBot,7408
AlexiusHoratius,National Football League,0.015133262034638932,29,MartinBot,1903
Alakazam,National Football League,0.015133046330740278,30,Bigmaninthebox,241
Excirial,National Football League,0.015080291358383116,31,J.delanoy,7507
Shinkazamaturi,National Football League,0.015069085904380549,32,Bmg916,40
Ixfd64,National Football League,0.014948808460790662,33,MartinBot,3506
RoyBoy,National Football League,0.014591207093300789,34,MartinBot,2391
Lazor9000,National Football League,0.014502682183917079,35,Deckiller,10
Larutan,National Football League,0.014501407572560888,36,Bmg916,14
Jusdafax,National Football League,0.01432216792928415,37,J.delanoy,4033
Sdpdude9,National Football League,0.014305389057416792,38,Bmg916,13
ESkog,National Football League,0.014144952637225549,39,MartinBot,3172
Evil Yugi,National Football League,0.014044952924557135,40,Bmg916,17
Jedd Cullinan,National Register of Historic Places,0.026762294739476142,1,Donlammers,6
Darren56brown,National Register of Historic Places,0.022857747409764852,2,Andrew Jameson,5
Wingerham52,National Register of Historic Places,0.020010076768571611,3,Dudemanfellabra,15
DerHexer,National Register of Historic Places,0.0175613271341698,4,Wikipelli,2932
Antandrus,National Register of Historic Places,0.017028137129654775,5,Wikipelli,2889
Tpbradbury,National Register of Historic Places,0.016931201544519089,6,Ahoerstemeier,2320
NewEnglandYankee,National Register of Historic Places,0.016875180387077689,7,Wikipelli,2117
Tobby72,National Register of Historic Places,0.016729964075793219,8,Rjensen,588
Philip Trueman,National Register of Historic Places,0.016621441752399151,9,Wikipelli,4893
Bongwarrior,National Register of Historic Places,0.016607879938649962,10,Wikipelli,3670
Tide rolls,National Register of Historic Places,0.016275804120163,11,Wikipelli,5245
Excirial,National Register of Historic Places,0.015138462943504459,12,Wikipelli,4460
Discospinster,National Register of Historic Places,0.015116984028065951,13,Wikipelli,5673
AlexiusHoratius,National Register of Historic Places,0.015116328126085595,14,MONGO,664
Alexlatham96,National Register of Historic Places,0.014939297153686592,15,Fortguy,57
Alansohn,National Register of Historic Places,0.014820697029935036,16,Wikipelli,5649
Ixfd64,National Register of Historic Places,0.014336269645438248,17,Ahoerstemeier,2412
Bobo192,National Register of Historic Places,0.014246917753322727,18,Wikipelli,4336
Kuru,National Register of Historic Places,0.014208461721772054,19,MER-C,2364
Ii2nmd,National Register of Historic Places,0.013921851702087294,20,Hmich176,5
RoyBoy,National Register of Historic Places,0.013905382532654106,21,Ahoerstemeier,1728
Jusdafax,National Register of Historic Places,0.013757598912878446,22,Wikipelli,2434
Gilliam,National Register of Historic Places,0.013562595438210938,23,Wikipelli,5206
Mentifisto,National Register of Historic Places,0.013439579034763043,24,Wikipelli,1868
El C,National Register of Historic Places,0.013324550606981652,25,Ahoerstemeier,2139
Gurch,National Register of Historic Places,0.013220293541171334,26,Wikipelli,2663
Graham87,National Register of Historic Places,0.013203522587918003,27,Ahoerstemeier,3487
Keilana,National Register of Historic Places,0.013179145126381337,28,Wikipelli,1821
Kingpin13,National Register of Historic Places,0.013027384291755635,29,Wikipelli,1884
Wanfried-Dublin,National Register of Historic Places,0.013013755914089232,30,Sswonk,5
Mike Rosoft,National Register of Historic Places,0.013002554923621273,31,Wikipelli,2345
Seeland'78,National Register of Historic Places,0.013002267159960343,32,RichardF,24
Seaphoto,National Register of Historic Places,0.012908293984559616,33,Wikipelli,2853
Widr,National Register of Historic Places,0.012852551140790144,34,Wikipelli,4813
Husond,National Register of Historic Places,0.012850217654843387,35,Ahoerstemeier,1314
Ohnoitsjamie,National Register of Historic Places,0.012817070460359223,36,MER-C,2832
Jeff G.,National Register of Historic Places,0.012757564905446632,37,Wikipelli,2205
OwenX,National Register of Historic Places,0.012562663564080215,38,Ahoerstemeier,1013
ESkog,National Register of Historic Places,0.012535076916224444,39,Wikipelli,1932
Little pob,National Register of Historic Places,0.012527827021127962,40,Rathfelder,5
Information Provided,Oregon,0.081541009131680275,1,Athies22,5
Nestor 8998,Oregon,0.027882181207315546,2,Otebig,5
Chinissai,Oregon,0.022206317421879184,3,Dan ad nauseam,147
DerHexer,Oregon,0.019547385211281174,4,Excirial,3890
Tpbradbury,Oregon,0.01899016997291407,5,Excirial,2462
Tobby72,Oregon,0.01883221910188523,6,Excirial,1146
Antandrus,Oregon,0.018788798414995683,7,Excirial,3712
NewEnglandYankee,Oregon,0.018451321339693051,8,Excirial,2628
Bongwarrior,Oregon,0.018415787201144881,9,Excirial,4763
Philip Trueman,Oregon,0.018057668371168931,10,Excirial,6237
Tide rolls,Oregon,0.017445160539211257,11,Excirial,6691
AlexiusHoratius,Oregon,0.01644303153863462,12,Excirial,1693
Oregon-aviator,Oregon,0.016197773402415874,13,Ajbenj,7
Discospinster,Oregon,0.016109172506285175,14,Excirial,7571
Ixfd64,Oregon,0.016084087278882844,15,Excirial,2812
Kuru,Oregon,0.015915685443708381,16,Excirial,2502
RoyBoy,Oregon,0.015820905108380173,17,Excirial,1874
Bobo192,Oregon,0.015553017275791937,18,Excirial,5792
Alansohn,Oregon,0.015468108432578002,19,Excirial,7308
Jusdafax,Oregon,0.015156763456131997,20,Excirial,3065
Ahoerstemeier,Oregon,0.015074864279593718,21,Excirial,3786
Keilana,Oregon,0.01504103780167306,22,Excirial,2409
Mentifisto,Oregon,0.015012714305689727,23,Excirial,2367
Seeland'78,Oregon,0.014882385745949089,24,Jcam,22
El C,Oregon,0.014840613222480892,25,Excirial,2029
Kingpin13,Oregon,0.014737327535250717,26,Excirial,2425
MER-C,Oregon,0.014702454991599421,27,Excirial,3868
Mike Rosoft,Oregon,0.014539999672385366,28,Excirial,3006
OwenX,Oregon,0.014469453860555967,29,Titoxd,472
Gilliam,Oregon,0.014391976086160687,30,Excirial,6755
Graham87,Oregon,0.0143731989354144,31,Excirial,3692
Seaphoto,Oregon,0.014297593571199025,32,Excirial,3558
Husond,Oregon,0.014286214957516254,33,Excirial,1505
Everyking,Oregon,0.014225556479393088,34,Excirial,3345
Jeff G.,Oregon,0.014185146212136939,35,Excirial,2933
ESkog,Oregon,0.014153095523976117,36,Excirial,2543
Sceptre,Oregon,0.013911449307119551,37,Excirial,1696
Wtmitchell,Oregon,0.013889096319547172,38,Excirial,2705
Widr,Oregon,0.013793565109481366,39,Excirial,6099
Rrburke,Oregon,0.013764493430565378,40,Excirial,2746
Marietorchon,Professional wrestling,0.061064764313088417,1,Batmanrules677,8
Shinkazamaturi,Professional wrestling,0.052551945079341876,2,Sarge 2.0,21
Giovanosky,Professional wrestling,0.050837185130440513,3,Cenafan007,7
Sdpdude9,Professional wrestling,0.044895271558568206,4,Batmanrules677,5
Freshman5000,Professional wrestling,0.044787009749853272,5,Sarge 2.0,10
Evil Yugi,Professional wrestling,0.043408276626301132,6,Batmanrules677,6
Larutan,Professional wrestling,0.040273017123942045,7,Cenafan007,5
ThomasDaCat,Professional wrestling,0.0353586628606851,8,Falegas,6
Zach012,Professional wrestling,0.033579032292214019,9,Batmanrules677,8
Paul5473,Professional wrestling,0.032925405273398718,10,Sweet Diva,6
Jeffhardyred,Professional wrestling,0.032707251644814549,11,Brothers of destruction,49
Marino73,Professional wrestling,0.032592244154311473,12,Koberulz,5
Jhack15,Professional wrestling,0.032450760528352149,13,Batmanrules677,5
"Stephen""Zap""",Professional wrestling,0.030465544756170068,14,Sarge 2.0,13
Muhand,Professional wrestling,0.02793084834916764,15,Sarge 2.0,23
Nightmareishere,Professional wrestling,0.027615250984205478,16,Batmanrules677,5
Ncam,Professional wrestling,0.027570617724028225,17,L2K,5
Str8Ghetto,Professional wrestling,0.0270940791652774,18,Ivecenanuff,6
Ozdarka,Professional wrestling,0.026309812798457,19,Sweet Diva,6
Lord980,Professional wrestling,0.024587241668358361,20,Nosaints4life,8
Mclovin'tosh,Professional wrestling,0.024324195258217524,21,Nosaints4life,13
Mclovin'tosh,Professional wrestling,0.024324195258217524,21,Sarge 2.0,13
Davidgoodheart,Professional wrestling,0.023909470522099931,22,Phieuxghazzieh,12
Ezequiel Matias Acosta,Professional wrestling,0.023411333967102335,23,Supermike,5
PeterMan844,Professional wrestling,0.022714705634750483,24,Sarge 2.0,9
Emcg93,Professional wrestling,0.022284302507714779,25,TheBellaTwins1445,7
Robbie2448,Professional wrestling,0.021332507170427607,26,Nascarking,72
Eliskuya2,Professional wrestling,0.021107327272463134,27,Brothers of destruction,29
TheManTheyCallKrash,Professional wrestling,0.021008350751261312,28,Deep Shadow,5
Xbeautifullmess,Professional wrestling,0.020548557923799539,29,Ivecenanuff,10
Gorrrillla5,Professional wrestling,0.020422578832993612,30,Virakhvar321,32
XIamLiEt0x,Professional wrestling,0.020255810414978724,31,Senkris,5
EdgarCabreraFariña,Professional wrestling,0.019576647893221472,32,Brothers of destruction,22
Homie C,Professional wrestling,0.019047159988645059,33,Hype-TDB,11
ElvisSacramento,Professional wrestling,0.018486952385074404,34,Batmanrules677,5
Adn486,Professional wrestling,0.018457775716158333,35,1-point,5
Lukscheese,Professional wrestling,0.01820224970937066,36,Quetzolcoatl,35
LikeTheWind,Professional wrestling,0.017808630902821643,37,Tanman5192,7
AJArre,Professional wrestling,0.017536449800793753,38,Quetzolcoatl,8
Tobby72,Professional wrestling,0.017238455707376643,39,DerHexer,965
WWEFan1926,Professional wrestling,0.017229702448588693,40,Haxz.999,5
Dudemanfellabra,Stolpersteine,0.0212312353852358,1,AnomieBOT,1002
Tpbradbury,Stolpersteine,0.019379029807846775,2,AnomieBOT,6194
Tide rolls,Stolpersteine,0.018301559300094673,3,AnomieBOT,13678
Philip Trueman,Stolpersteine,0.01817120695810644,4,AnomieBOT,12243
Antandrus,Stolpersteine,0.017976623348608757,5,AnomieBOT,6938
Discospinster,Stolpersteine,0.017974151859885452,6,AnomieBOT,17736
Gaius Cornelius,Stolpersteine,0.017539955044795354,7,AnomieBOT,15960
Alansohn,Stolpersteine,0.017468061111239,8,AnomieBOT,16775
NewEnglandYankee,Stolpersteine,0.0168232285138541,9,AnomieBOT,4132
Bongwarrior,Stolpersteine,0.016661016534777397,10,AnomieBOT,8722
Excirial,Stolpersteine,0.016612325536954249,11,AnomieBOT,11022
Gilliam,Stolpersteine,0.016311691317717529,12,AnomieBOT,15717
DerHexer,Stolpersteine,0.016285402222570605,13,AnomieBOT,6825
Materialscientist,Stolpersteine,0.015979778132645991,14,AnomieBOT,20624
Everyking,Stolpersteine,0.01596617744753304,15,AnomieBOT,9508
Widr,Stolpersteine,0.015920571372481967,16,AnomieBOT,14047
Ohnoitsjamie,Stolpersteine,0.015784078480090297,17,AnomieBOT,7140
Bobo192,Stolpersteine,0.015610968738305914,18,AnomieBOT,12792
Donner60,Stolpersteine,0.015608930562249362,19,AnomieBOT,6875
Gurch,Stolpersteine,0.015376109480287385,20,AnomieBOT,7467
Seaphoto,Stolpersteine,0.01527905354027484,21,AnomieBOT,6491
Tobby72,Stolpersteine,0.015228706807315643,22,AnomieBOT,2311
Iridescent,Stolpersteine,0.015027334599565048,23,AnomieBOT,11403
Kuru,Stolpersteine,0.01501533856382461,24,AnomieBOT,4965
DVdm,Stolpersteine,0.014888195855283084,25,AnomieBOT,5478
Mike Rosoft,Stolpersteine,0.014826657276912436,26,AnomieBOT,5991
Graham87,Stolpersteine,0.014766674860482693,27,AnomieBOT,10009
Beland,Stolpersteine,0.014765390100209686,28,AnomieBOT,4633
Jusdafax,Stolpersteine,0.014765380303998512,29,AnomieBOT,5215
XLinkBot,Stolpersteine,0.014587007415456007,30,AnomieBOT,19841
RoyBoy,Stolpersteine,0.014576671188477323,31,AnomieBOT,3763
Woohookitty,Stolpersteine,0.01454258817622929,32,AnomieBOT,31096
Wtmitchell,Stolpersteine,0.014269244920009996,33,AnomieBOT,5378
Ahoerstemeier,Stolpersteine,0.014139370367571277,34,AnomieBOT,8880
Jeff G.,Stolpersteine,0.014065093659532815,35,AnomieBOT,5919
MER-C,Stolpersteine,0.014058497937714871,36,AnomieBOT,9421
Lotje,Stolpersteine,0.013989652222917601,37,AnomieBOT,8346
Sueisfine,Stolpersteine,0.013862273491834484,38,AnomieBOT,464
DocWatson42,Stolpersteine,0.013792249874793142,39,AnomieBOT,8258
El C,Stolpersteine,0.013734707326942078,40,AnomieBOT,5098
MrWoodySir,Television,0.036882054228170834,1,Soaper1234,13
Wingerham52,Television,0.035256368404145921,2,Dudemanfellabra,15
Jasonnguyen2606,Television,0.03052869898038341,3,JohnGormleyJG,5
Dannysage96,Television,0.027820259077520192,4,Skarloey,10
Ii2nmd,Television,0.02495043076474358,5,PYLrulz,8
TheDevin13,Television,0.024329734766935885,6,Saint Jimmy,12
Jamchip,Television,0.023117165033782049,7,Eurofan2005,47
Kikker v11,Television,0.021944495060212798,8,Finealt,10
Captoza,Television,0.020042223713765774,9,Chaswmsday,7
Abojanow,Television,0.01989850893435427,10,PikDig,6
Aejsing,Television,0.019659871252769093,11,Eurofan2005,17
Eastendersfan2006,Television,0.019552649892305155,12,Soaper1234,10
Marietorchon,Television,0.01935457667191201,13,Error411,12
Music01,Television,0.018881318819751372,14,DAP388,6
Dklarer1,Television,0.018546694074227033,15,KslotteBot,18
ThomasDaCat,Television,0.018082503384988638,16,Wendy clear,5
Darren56brown,Television,0.017670713055684305,17,Dudemanfellabra,5
Neuron Doc,Television,0.017503934768657366,18,A314268,5
DerHexer,Television,0.017464856971198935,19,RexNL,2873
Spudgfsh,Television,0.017075670416263958,20,Etron81,174
Benriggers,Television,0.017072953493593925,21,Etron81,54
K'vixis,Television,0.016816683825093458,22,Worm That Turned,6
Bongwarrior,Television,0.016733514662045913,23,RexNL,3189
Mimimatz,Television,0.016733053009861061,24,Fort esc,18
MarkR06,Television,0.016632042721547981,25,Etron81,174
Ainsworth anderson,Television,0.016603761246181903,26,MPFitz1968,6
דניאל בראון,Television,0.016566190797112662,27,Luvtheheaven,6
Tpbradbury,Television,0.016371776985328403,28,RexNL,1951
Antandrus,Television,0.01634948255633074,29,RexNL,2989
Rhysy54,Television,0.01619662602438077,30,Eurofan2005,33
Dem1997,Television,0.016040983109814048,31,Fort esc,5
Tobby72,Television,0.016040222594316658,32,RexNL,981
Sdpdude9,Television,0.015938797229208698,33,Wwehurricane1,5
NewEnglandYankee,Television,0.015921815271911333,34,RexNL,1916
OZOO,Television,0.01589075094250678,35,Etron81,185
Philip Trueman,Television,0.015822360768383826,36,RexNL,3791
Sbari7057,Television,0.015656838455367392,37,Smatprt,11
Tide rolls,Television,0.015602603271823934,38,RexNL,3962
DreamingLady,Television,0.015189311852520914,39,Tryforceful,14
Vilnisr,Television,0.015069935812767181,40,SCΛRECROW,52
Wingerham52,U.S. Roads,0.035256368404145921,1,Dudemanfellabra,15
Ii2nmd,U.S. Roads,0.030607917878882219,2,Highwaydude2007,5
Abojanow,U.S. Roads,0.023492019220897161,3,Ishwasafish,5
Tim Correll,U.S. Roads,0.022531862470528609,4,Censorwolf,9
Wheatley36,U.S. Roads,0.019844560917041357,5,Moabdave,5
DerHexer,U.S. Roads,0.018323322046257966,6,AntiVandalBot,5222
NWL757,U.S. Roads,0.017805020147598122,7,Tommer419,10
Antandrus,U.S. Roads,0.017710530681408192,8,AntiVandalBot,5307
Darren56brown,U.S. Roads,0.017670713055684305,9,Dudemanfellabra,5
Saturnpilot,U.S. Roads,0.017545705155232062,10,Ishwasafish,25
NewEnglandYankee,U.S. Roads,0.017359967518861343,11,AntiVandalBot,3295
Bongwarrior,U.S. Roads,0.017356339741315004,12,AntiVandalBot,6007
Tpbradbury,U.S. Roads,0.017195463987804235,13,AntiVandalBot,3316
Tobby72,U.S. Roads,0.017069847759520782,14,AntiVandalBot,1516
Philip Trueman,U.S. Roads,0.016847241761866975,15,AntiVandalBot,7801
Tide rolls,U.S. Roads,0.016564589443669498,16,AntiVandalBot,8485
AlexiusHoratius,U.S. Roads,0.01541604319470718,17,AntiVandalBot,2051
Excirial,U.S. Roads,0.015294108496753651,18,AntiVandalBot,6657
Discospinster,U.S. Roads,0.015221791074384523,19,AntiVandalBot,9747
Kuru,U.S. Roads,0.015118599174204926,20,AntiVandalBot,3550
Captoza,U.S. Roads,0.014976682884841094,21,Chaswmsday,7
Andrewlumbo,U.S. Roads,0.014874994597183057,22,United States Man,5
RoyBoy,U.S. Roads,0.014864611283501687,23,AntiVandalBot,2792
Aphotdog95,U.S. Roads,0.01471802671723263,24,Ishwasafish,23
Bobo192,U.S. Roads,0.014656237204801571,25,AntiVandalBot,8072
Seeland'78,U.S. Roads,0.014444923576642907,26,Ravedave,22
Mentifisto,U.S. Roads,0.014295993210854176,27,AntiVandalBot,2917
Ahoerstemeier,U.S. Roads,0.014195657924603228,28,AntiVandalBot,5508
Jusdafax,U.S. Roads,0.014177125997164246,29,AntiVandalBot,3597
OwenX,U.S. Roads,0.013923900428034349,30,AntiVandalBot,1477
El C,U.S. Roads,0.013899298214195655,31,AntiVandalBot,2945
Husond,U.S. Roads,0.013802811517680154,32,AntiVandalBot,2120
Kingpin13,U.S. Roads,0.013638874484197035,33,AntiVandalBot,2859
Gilliam,U.S. Roads,0.013624769791490441,34,AntiVandalBot,8568
Mike Rosoft,U.S. Roads,0.013572053091039945,35,AntiVandalBot,3763
MER-C,U.S. Roads,0.01355854710444593,36,AntiVandalBot,5534
ESkog,U.S. Roads,0.01337571846687614,37,AntiVandalBot,3463
Slakr,U.S. Roads,0.013206415392313224,38,AntiVandalBot,1704
Ohnoitsjamie,U.S. Roads,0.013196691707044964,39,AntiVandalBot,3819
Jeff G.,U.S. Roads,0.013143890182573906,40,AntiVandalBot,3633
Benawu2,United States,0.021323949069736149,1,Doktorbuk,5
DerHexer,United States,0.020275001743655052,2,Tawkerbot2,3999
Antandrus,United States,0.019605575192594257,3,Tawkerbot2,4082
Tobby72,United States,0.019556970687465942,4,Tpbradbury,991
Drowz0r,United States,0.019466013200976323,5,Doktorbuk,5
NewEnglandYankee,United States,0.019213484762593019,6,Tawkerbot2,2552
Bongwarrior,United States,0.019178016484345334,7,Tawkerbot2,4463
Philip Trueman,United States,0.01876042683315917,8,Tawkerbot2,5596
Tide rolls,United States,0.018410303607047668,9,Tawkerbot2,5964
Ii2nmd,United States,0.01833360669514179,10,O,9
Excirial,United States,0.016963279912714353,11,Tawkerbot2,4836
Ixfd64,United States,0.016545489476855989,12,Tawkerbot2,3059
Kuru,United States,0.016457918132097581,13,Tawkerbot2,2721
Alansohn,United States,0.016354309270662847,14,Tawkerbot2,6514
RoyBoy,United States,0.016338448703946615,15,Tawkerbot2,2096
Bobo192,United States,0.016201906025682673,16,Tawkerbot2,5811
Jusdafax,United States,0.015722470363822579,17,Tawkerbot2,2682
Seeland'78,United States,0.015657655615036733,18,ClairSamoht,19
Mentifisto,United States,0.015488731948370167,19,Tawkerbot2,2179
Keilana,United States,0.015294485382716832,20,Tawkerbot2,2353
Ahoerstemeier,United States,0.015275138309046999,21,Tawkerbot2,4148
A tennis fan,United States,0.015247366800581153,22,Fyunck(click),7
Kingpin13,United States,0.014939418842998434,23,Tawkerbot2,2233
OwenX,United States,0.014854200250716095,24,Adashiel,449
Graham87,United States,0.014801788275176668,25,Tawkerbot2,3885
Husond,United States,0.014704347800720323,26,Tawkerbot2,1676
MER-C,United States,0.014658959352127928,27,Tawkerbot2,4047
LR2014,United States,0.014554329378004684,28,Neutralhomer,5
Everyking,United States,0.014554240414131279,29,Tawkerbot2,3786
Ohnoitsjamie,United States,0.014319469440348554,30,Tawkerbot2,2867
Sceptre,United States,0.014069833563637051,31,Tawkerbot2,1752
Widr,United States,0.0139863547746341,32,Discospinster,8467
Slakr,United States,0.013976735822735807,33,Tawkerbot2,1343
HalfShadow,United States,0.013907010180955031,34,Tawkerbot2,1151
Rrburke,United States,0.013886870178890174,35,Tawkerbot2,2431
Steel,United States,0.013745989919102277,36,Tawkerbot2,799
DVdm,United States,0.013670893022713149,37,Tawkerbot2,2506
Donner60,United States,0.013584638042338396,38,Tawkerbot2,2766
K'vixis,United States,0.013405100619432689,39,Worm That Turned,6
Nsaa,United States,0.013356434200407106,40,Capricorn42,1108
Krit-tonkla,Video games,0.0296329192823385,1,Rosalina2427,5
Rhettz,Video games,0.024350150979661762,2,Sgetz,6
Jazama,Video games,0.02407695725759109,3,Arkhandar,36
CycloneYoris,Video games,0.023560542029132738,4,Cyclonebiskit,5
Wscsuperfan,Video games,0.023283281509463023,5,Dainomite,5
TheDisneyGamer,Video games,0.022215564796390252,6,Unused000702,6
Carlsaga,Video games,0.022086520694271108,7,Cyclonebiskit,5
Phediuk,Video games,0.020380231211522416,8,Col. Hauler,8
Marietorchon,Video games,0.019119636187653697,9,Error411,12
A tennis fan,Video games,0.0190281285842658,10,JayJ47,6
Sonicgalaxy27,Video games,0.018112333478665317,11,DavidHOzAu,5
DerHexer,Video games,0.017911833216945422,12,MartinBot,5011
Danhor09,Video games,0.017696927415942122,13,CR4ZE,5
Vaati the Wind Demon,Video games,0.017489219379509233,14,Fryguy64,10
Balong48,Video games,0.017422736232290775,15,Stepho-wrs,16
Tobby72,Video games,0.016999383121370552,16,Luna Santin,847
Jasonnguyen2606,Video games,0.016971530653257821,17,DangerousJXD,5
ErStelz,Video games,0.016932367607713543,18,SuperChencho,8
NewEnglandYankee,Video games,0.016761087359330351,19,AntiVandalBot,3295
Bongwarrior,Video games,0.016510494923748328,20,AntiVandalBot,6007
ThomasDaCat,Video games,0.016419470733415351,21,Wendy clear,5
Antandrus,Video games,0.016396653624527316,22,AntiVandalBot,5307
Tpbradbury,Video games,0.016237002061899489,23,AntiVandalBot,3316
NES Boy,Video games,0.015975509346373738,24,Disaster Kirby,25
Music01,Video games,0.015824094317556662,25,Thinhin of you,5
Shashpant,Video games,0.01581230104355516,26,DarkToonLink,17
Apolo13,Video games,0.015701408327152739,27,SexyKick,5
Giovanosky,Video games,0.015594889157086709,28,Deely,14
Shinkazamaturi,Video games,0.015530679382668673,29,Gavyn Sykes,46
Philip Trueman,Video games,0.015349087882774186,30,AntiVandalBot,7801
RoyBoy,Video games,0.015325172182830313,31,AntiVandalBot,2792
Aejsing,Video games,0.015219989668656744,32,CT Cooper,18
דניאל בראון,Video games,0.01521343240257673,33,Wikipedian06,5
Ixfd64,Video games,0.015213265815489336,34,AntiVandalBot,3847
Ozdarka,Video games,0.015150977029258156,35,Madhatter9max,8
Freshman5000,Video games,0.0150567408249992,36,Edge o Matic 2005,5
Kuru,Video games,0.014932039190454181,37,AntiVandalBot,3550
Tide rolls,Video games,0.014911230143421829,38,J.delanoy,9503
Asdfsfs,Video games,0.014850647567458852,39,Col. Hauler,12
74thClarkBarHG,Video games,0.014675025150747352,40,Mollsmolyneux,5
Tpbradbury,Wikipack Africa Content,0.023222134913476428,1,CommonsDelinker,3677
Tobby72,Wikipack Africa Content,0.021746361651086434,2,CommonsDelinker,1498
Tide rolls,Wikipack Africa Content,0.021262230605073321,3,AnomieBOT,13678
Philip Trueman,Wikipack Africa Content,0.021258838278558151,4,AnomieBOT,12243
Discospinster,Wikipack Africa Content,0.020812957317546024,5,AnomieBOT,17736
DerHexer,Wikipack Africa Content,0.020176998650920461,6,AnomieBOT,6825
Antandrus,Wikipack Africa Content,0.020076371351554774,7,AnomieBOT,6938
Alansohn,Wikipack Africa Content,0.019888044160600863,8,AnomieBOT,16775
Bongwarrior,Wikipack Africa Content,0.019649506919029489,9,AnomieBOT,8722
El C,Wikipack Africa Content,0.019290477919164446,10,CommonsDelinker,2836
Excirial,Wikipack Africa Content,0.019289562617033885,11,AnomieBOT,11022
Materialscientist,Wikipack Africa Content,0.018940142558843777,12,AnomieBOT,20624
Bobo192,Wikipack Africa Content,0.01887298529547992,13,AnomieBOT,12792
NewEnglandYankee,Wikipack Africa Content,0.018704513018027648,14,AnomieBOT,4132
Gilliam,Wikipack Africa Content,0.0186059337769093,15,AnomieBOT,15717
Ahoerstemeier,Wikipack Africa Content,0.018327660926596739,16,CommonsDelinker,5001
Graham87,Wikipack Africa Content,0.018204128817690367,17,AnomieBOT,10009
Widr,Wikipack Africa Content,0.01798087554486574,18,AnomieBOT,14047
Gaius Cornelius,Wikipack Africa Content,0.017958494193816302,19,AnomieBOT,15960
Ohnoitsjamie,Wikipack Africa Content,0.017418150207768341,20,AnomieBOT,7140
MER-C,Wikipack Africa Content,0.0171989206255128,21,AnomieBOT,9421
Ixfd64,Wikipack Africa Content,0.017080491446905145,22,AnomieBOT,5309
Woohookitty,Wikipack Africa Content,0.0170474835626998,23,AnomieBOT,31096
Everyking,Wikipack Africa Content,0.0169497082389017,24,AnomieBOT,9508
Mike Rosoft,Wikipack Africa Content,0.016891118188479957,25,AnomieBOT,5991
RoyBoy,Wikipack Africa Content,0.016819279260220352,26,AnomieBOT,3763
Donner60,Wikipack Africa Content,0.016601477441151237,27,AnomieBOT,6875
Kingpin13,Wikipack Africa Content,0.016595374962656305,28,AnomieBOT,3942
Jusdafax,Wikipack Africa Content,0.016540992695580348,29,AnomieBOT,5215
Gurch,Wikipack Africa Content,0.016381248954972952,30,AnomieBOT,7467
Kuru,Wikipack Africa Content,0.016363619134005865,31,AnomieBOT,4965
Iridescent,Wikipack Africa Content,0.016193745434019254,32,AnomieBOT,11403
DocWatson42,Wikipack Africa Content,0.016157853139691564,33,AnomieBOT,8258
XLinkBot,Wikipack Africa Content,0.016137180576328791,34,AnomieBOT,19841
Seaphoto,Wikipack Africa Content,0.016038691939812545,35,AnomieBOT,6491
AlexiusHoratius,Wikipack Africa Content,0.015884480278889487,36,CommonsDelinker,1629
Jeff G.,Wikipack Africa Content,0.015875628376600278,37,AnomieBOT,5919
DVdm,Wikipack Africa Content,0.015589804586864424,38,AnomieBOT,5478
Mentifisto,Wikipack Africa Content,0.015560301845348214,39,AnomieBOT,3941
Rich Farmbrough,Wikipack Africa Content,0.015534604977749908,40,AnomieBOT,32552
Talmoryair,Women,0.049689039935157567,1,Drkup(IMJ),13
Cjhanley,Women,0.033882489995232752,2,Syngmung,5
Douglas Coldwell,Women,0.033399502058885484,3,Doug Coldwell,8
Aliceba,Women,0.028376910168634629,4,Savvyjack23,9
Maximunicorn,Women,0.025244187377725172,5,IndianBio,5
Music01,Women,0.02414114701402462,6,Calvin999,11
Hinorisakamachi,Women,0.02387843392218324,7,Random86,6
Stelwc12,Women,0.023684184283466858,8,Random86,5
A tennis fan,Women,0.022093097944931903,9,Fyunck(click),7
דניאל בראון,Women,0.021969386424622428,10,Dragix,5
Wntrfields,Women,0.020526768854214828,11,IndianBio,10
Sportsblue1992,Women,0.020184651081620417,12,ZappaOMati,8
Magpie66,Women,0.019929405886877877,13,Jgrantduff,5
Rovingrobert,Women,0.019857959202047391,14,Fyunck(click),7
MrWoodySir,Women,0.019216988567321056,15,JuneGloom07,13
N7jain,Women,0.018896037219371237,16,Fyunck(click),11
Feoffer,Women,0.017950544370853382,17,Cirt,10
Levi bernardo,Women,0.0178364935240536,18,FunkMonk,7
Buzz105,Women,0.017459054154963662,19,Volunteer Marek,5
Olahgy,Women,0.017341730344104446,20,Elekhh,9
Chrmav,Women,0.017287879426676381,21,Fyunck(click),11
Zuzulovesfood,Women,0.017232775315998983,22,Random86,5
Alemarcoli,Women,0.01720457918500632,23,Nigej,11
Dorimedont,Women,0.017056603128482208,24,Maurreen,5
DaleCK,Women,0.016914300577889212,25,Dodger67,5
Silaslej,Women,0.016757277575651618,26,Fyunck(click),23
Mikepascoe,Women,0.016500891454736853,27,CFCF,19
Rudeby88,Women,0.016189556170936516,28,Calvin999,8
Peteski132,Women,0.016171609065480517,29,Montanabw,6
Ollie035,Women,0.016139114392018147,30,Schwede66,22
Jjavier1978,Women,0.016024919212144214,31,IndianBio,8
Golfingwino,Women,0.016017438810294042,32,Hmlarson,9
Zyates87,Women,0.015862805432584129,33,Bzuk,6
Tpbradbury,Women,0.015836703395057085,34,Graham87,2430
Dklarer1,Women,0.015803830213648385,35,Kasper2006,18
Gibbano,Women,0.015626123386780991,36,Jgrantduff,5
Kz19970,Women,0.015564948601576445,37,Edgars2007,6
Sturmdivision,Women,0.015562166077014477,38,Sturmvogel 66,7
Palbert01,Women,0.01546727962854332,39,Jim.henderson,5
Harkinson,Women,0.015464837981401303,40,BabbaQ,5
Douglas Coldwell,Women in Red,0.033399502058885484,1,Doug Coldwell,8
Stelwc12,Women in Red,0.023684184283466858,2,Random86,5
Golfingwino,Women in Red,0.019239398574923339,3,Hmlarson,9
Zuzulovesfood,Women in Red,0.017232775315998983,4,Random86,5
A tennis fan,Women in Red,0.017133031463596095,5,PrimeHunter,6
Tpbradbury,Women in Red,0.015804010978380818,6,Keilana,1179
DerHexer,Women in Red,0.015207807218548188,7,Keilana,2026
Antandrus,Women in Red,0.014907180196800294,8,Keilana,1901
NewEnglandYankee,Women in Red,0.014663714179054464,9,Keilana,1290
Philip Trueman,Women in Red,0.014586287783546389,10,Keilana,2692
Aliceba,Women in Red,0.014519442588519962,11,Savvyjack23,9
Tobby72,Women in Red,0.014319006984716479,12,Keilana,537
Bongwarrior,Women in Red,0.014280450029801091,13,Keilana,2223
Tide rolls,Women in Red,0.014071364363420673,14,Keilana,2828
Excirial,Women in Red,0.013377716123892056,15,Keilana,2409
Discospinster,Women in Red,0.013090910544090027,16,Keilana,3172
Ixfd64,Women in Red,0.0125450743478222,17,Keilana,1467
Bobo192,Women in Red,0.012531874462709869,18,Keilana,2780
El C,Women in Red,0.012504152213237313,19,Keilana,910
Alansohn,Women in Red,0.012467326473959435,20,Keilana,3137
RoyBoy,Women in Red,0.012392818860558884,21,Keilana,980
Hinorisakamachi,Women in Red,0.0123768544082189,22,Random86,6
Ahoerstemeier,Women in Red,0.012147017610428525,23,Keilana,1826
Kuru,Women in Red,0.012107759006574004,24,Keilana,1378
Graham87,Women in Red,0.012049737677195894,25,Keilana,1668
AlexiusHoratius,Women in Red,0.012016420245141662,26,Keilana,946
Jusdafax,Women in Red,0.012006544696842543,27,Keilana,1396
Mentifisto,Women in Red,0.011897054688642734,28,Keilana,1204
Mike Rosoft,Women in Red,0.011836893750455357,29,Keilana,1378
Gilliam,Women in Red,0.011789061048531252,30,Keilana,2797
Kingpin13,Women in Red,0.011786980887432321,31,Keilana,1145
MER-C,Women in Red,0.011745821701359557,32,Keilana,1824
Gurch,Women in Red,0.011581763768818304,33,Keilana,1842
Mehdi ghaed,Women in Red,0.011461098930390623,34,Mhhossein,8
Seaphoto,Women in Red,0.011450164473918998,35,Keilana,1473
Widr,Women in Red,0.011388853855840484,36,Keilana,2249
Everyking,Women in Red,0.011347859718104052,37,Keilana,1603
Ohnoitsjamie,Women in Red,0.011278578639304353,38,Keilana,1297
SirMontego,Women in Red,0.011255739150776111,39,KAVEBEAR,9
Sophia91,Women in Red,0.011251631287586956,40,Gereon K.,10
Cjhanley,Women's History,0.06554031313663454,1,Syngmung,5
דניאל בראון,Women's History,0.035181044655484175,2,Dragix,5
Douglas Coldwell,Women's History,0.033399502058885484,3,Doug Coldwell,8
Hevron1998,Women's History,0.022344842294146058,4,Iridia,5
Feoffer,Women's History,0.017950544370853382,5,Cirt,10
Levi bernardo,Women's History,0.0178364935240536,6,FunkMonk,7
Tsbshb,Women's History,0.017468685883460389,7,Sarasays,5
Buzz105,Women's History,0.017459054154963662,8,Volunteer Marek,5
Rest in pieces,Women's History,0.017359256032347045,9,Vanished user llkdfkj4isw4,9
Olahgy,Women's History,0.017341730344104446,10,Elekhh,9
Golfingwino,Women's History,0.017171285486015635,11,Vanished user llkdfkj4isw4,5
TheDevin13,Women's History,0.016930223367199116,12,Checkingfax,13
Tpbradbury,Women's History,0.016756757964020881,13,Keilana,1179
SirMontego,Women's History,0.016360222850731014,14,KAVEBEAR,9
Cosmos666,Women's History,0.016329921877781116,15,Lady Meg,6
Tobby72,Women's History,0.016258116151262079,16,Rjensen,588
Peteski132,Women's History,0.016171609065480517,17,Montanabw,6
Zyates87,Women's History,0.015862805432584129,18,Bzuk,6
Antandrus,Women's History,0.01575757647948817,19,Keilana,1901
Chrmav,Women's History,0.015656082979633432,20,Armbrust,11
DerHexer,Women's History,0.015616917073923693,21,Keilana,2026
NewEnglandYankee,Women's History,0.015515405946524346,22,Keilana,1290
Philip Trueman,Women's History,0.0153242917793597,23,Keilana,2692
Tide rolls,Women's History,0.014968660134729908,24,Keilana,2828
Bongwarrior,Women's History,0.014955383817177169,25,Keilana,2223
Asanagi,Women's History,0.01441846532753913,26,Victuallers,46
TelosCricket,Women's History,0.014174775185418742,27,Sasata,10
N7jain,Women's History,0.013945286385004876,28,Armbrust,11
Tbayboy,Women's History,0.013883076707834893,29,Iridia,6
Discospinster,Women's History,0.013811067754063397,30,Keilana,3172
Excirial,Women's History,0.013786119020996765,31,Keilana,2409
OriolesMagic,Women's History,0.013777756171067062,32,Checkingfax,6
Mentos863,Women's History,0.013684718803648957,33,Vanished user llkdfkj4isw4,5
SPFCSeasons,Women's History,0.013590377267992469,34,Vanished user llkdfkj4isw4,9
Marbe166,Women's History,0.013429684210348139,35,MirkoS18,22
Seeland'78,Women's History,0.013417400678751568,36,Moxy,32
RoyBoy,Women's History,0.013265207276788548,37,Keilana,980
Ixfd64,Women's History,0.013129135470535423,38,Keilana,1467
AlexiusHoratius,Women's History,0.0131029710408685,39,Keilana,946
El C,Women's History,0.013076467121315896,40,Keilana,910
