wikiproject,art_title,art_pageid,art_ns,art_importance,art_class
eastenders,eastenders,9995,0,,b
eastenders,den watts,350940,0,,b
eastenders,peggy mitchell,351587,0,,ga
eastenders,dimensions in time,366734,0,,c
eastenders,dennis rickman,842475,0,,start
eastenders,andrew collins (broadcaster),914558,0,,start
eastenders,sharon watts,950572,0,,b
eastenders,walford,1031873,0,,start
eastenders,gurpreet kaur bhatti,1311593,0,,stub
eastenders,paul trueman,1508369,0,,start
eastenders,patrick trueman,1508600,0,,c
eastenders,anthony trueman,1508633,0,,start
eastenders,roy boulter,1551433,0,,start
eastenders,charlie slater,1553759,0,,c
eastenders,mo harris,1557232,0,,start
eastenders,little mo mitchell,1557263,0,,start
eastenders,arthur fowler,1576392,0,,b
eastenders,chrissie watts,1619347,0,,ga
eastenders,andy hunter (eastenders),1619380,0,,start
eastenders,nana moon,1669895,0,,start
eastenders,yolande trueman,1682402,0,,start
eastenders,alfie moon,1682924,0,,c
eastenders,category:eastenders characters,1683859,14,,category
eastenders,harold legg,1688005,0,,b
eastenders,file:eastendersearly.jpg,1753917,6,,file
eastenders,dot cotton,1790475,0,,ga
eastenders,matthew robinson (producer),1844806,0,,start
eastenders,julia smith,1912086,0,,start
eastenders,list of eastenders characters,1925533,0,,list
eastenders,mark fowler,1963654,0,,b
eastenders,pauline fowler,1963680,0,,fa
eastenders,file:eastenders revealed01.gif,1973080,6,,file
eastenders,file:eastenders xtra.jpg,1977406,6,,file
eastenders,kat slater,1980899,0,,b
eastenders,ian beale,1983108,0,,b
eastenders,pat butcher,1997034,0,,c
eastenders,category:eastenders,1997757,14,,category
eastenders,the queen victoria,2003693,0,,start
eastenders,andy o'brien (eastenders),2051427,0,,c
eastenders,danny moon,2052459,0,,start
eastenders,jim branning,2064194,0,,start
eastenders,jake moon,2064225,0,,start
eastenders,sonia fowler,2293759,0,,c
eastenders,glen mccoy,2303986,0,,stub
eastenders,angie watts,2313629,0,,b
eastenders,angellica bell,2340542,0,,stub
eastenders,sam mitchell (eastenders),2342497,0,,b
eastenders,the firm (eastenders),2351718,0,,start
eastenders,tony jordan,2370071,0,,start
eastenders,eastenders spin-offs,2373345,0,,start
eastenders,tony holland,2384728,0,,start
eastenders,simon ashdown,2395994,0,,start
eastenders,rob gittins,2396136,0,,stub
eastenders,sarah phelps,2400023,0,,stub
eastenders,phil mitchell,2402234,0,,b
eastenders,sharongate,2409685,0,,c
eastenders,zoe slater,2484700,0,,b
eastenders,nick cotton,2523547,0,,b
eastenders,melanie owen,2523871,0,,b
eastenders,steve owen (eastenders),2524276,0,,start
eastenders,tiffany mitchell,2524510,0,,c
eastenders,ethel skinner,2527372,0,,b
eastenders,grant mitchell (eastenders),2528289,0,,b
eastenders,janine butcher,2528291,0,,c
eastenders,vicki fowler,2570691,0,,b
eastenders,eastenders theme tune,2657414,0,,start
eastenders,pete beale,2689391,0,,b
eastenders,file:who shot phil 01.jpg,2698328,6,,file
eastenders,johnny allen (eastenders),2725835,0,,start
eastenders,mickey miller,2795468,0,,b
eastenders,rosie miller,2795505,0,,start
eastenders,dawn swann,2795559,0,,c
eastenders,demi miller,2795589,0,,start
eastenders,david wicks,2848162,0,,start
eastenders,frank butcher,2865750,0,,b
eastenders,dean wicks,2870097,0,,c
eastenders,kevin wicks,2870118,0,,start
eastenders,jane beale,2870496,0,,c
eastenders,peter beale,2870591,0,,c
eastenders,bobby beale (eastenders),2870689,0,,c
eastenders,stacey slater,2878678,0,,b
eastenders,garry hobbs,2878783,0,,start
eastenders,billy mitchell (eastenders),2878922,0,,c
eastenders,ruby allen,2883083,0,,start
eastenders,jamie mitchell,2919868,0,,start
eastenders,keith miller (eastenders),2937301,0,,start
eastenders,gus smith,2962285,0,,start
eastenders,geoff lindsey,2990351,0,,stub
eastenders,honey mitchell,2996877,0,,c
eastenders,naomi julien,3006001,0,,start
eastenders,list of past eastenders characters,3023839,0,,list
eastenders,ashley cotton,3036111,0,,start
eastenders,joe macer,3040175,0,,b
eastenders,darren miller,3040292,0,,start
eastenders,daran little,3055524,0,,start
eastenders,carly wicks,3072880,0,,start
eastenders,wikipedia:wikiproject eastenders,3078377,4,,project
eastenders,kathy beale,3093963,0,,b
eastenders,spencer moon,3145230,0,,start
eastenders,kate mitchell,3149623,0,,start
eastenders,beale family,3160862,0,,start
eastenders,bradley branning,3170132,0,,c
eastenders,robbie jackson,3174426,0,,c
eastenders,nina harris,3220892,0,,c
eastenders,laura beale,3226703,0,,start
eastenders,tom banks (eastenders),3245783,0,,start
eastenders,roy evans (eastenders),3248118,0,,start
eastenders,jean slater,3275446,0,,c
eastenders,steven beale,3302194,0,,b
eastenders,liam butcher,3618825,0,,start
eastenders,ricky butcher,3627696,0,,b
eastenders,charlie cotton,3638012,0,,start
eastenders,colin brake,3708194,0,,stub
eastenders,denise fox,3710202,0,,c
eastenders,chelsea fox,3710240,0,,start
eastenders,matthew rose (eastenders),3724134,0,,start
eastenders,ben mitchell (eastenders),3763378,0,,c
eastenders,max branning,3763898,0,,c
eastenders,kelly taylor (eastenders),3772801,0,,c
eastenders,michelle fowler,3833767,0,,b
eastenders,nigel bates,3934756,0,,start
eastenders,dan sullivan (eastenders),4038960,0,,start
eastenders,sean slater,4049224,0,,c
eastenders,natalie evans,4133032,0,,b
eastenders,barry evans (eastenders),4151392,0,,start
eastenders,bianca jackson,4163542,0,,b
eastenders,joe wicks,4171671,0,,c
eastenders,lynne hobbs,4172891,0,,start
eastenders,carol jackson,4176279,0,,c
eastenders,hattie tavernier,4185010,0,,c
eastenders,blossom jackson,4198571,0,,start
eastenders,lisa fowler,4221050,0,,b
eastenders,mandy salter,4232075,0,,c
eastenders,file:mo harris (2002).jpg,4244602,6,,file
eastenders,file:roy evans (eastenders).jpg,4244790,6,,file
eastenders,file:naomi.jpg,4244835,6,,file
eastenders,file:david wicks.jpg,4245474,6,,file
eastenders,file:michelle gayle as hattie tavernier.jpg,4245660,6,,file
eastenders,file:blossom jackson.jpg,4251253,6,,file
eastenders,file:barry evans eastenders 1990s.jpg.jpg,4251292,6,,file
eastenders,file:lisa fowler.jpg,4251505,6,,file
eastenders,file:ethel skinner.jpg,4251615,6,,file
eastenders,file:ricky butcher.jpg,4251725,6,,file
eastenders,file:sonia fowler22.jpg,4251994,6,,file
eastenders,file:vicki fowler333.jpg,4252111,6,,file
eastenders,file:jamie mitchell.jpg,4252150,6,,file
eastenders,template:user eastenders,4252295,10,,template
eastenders,diane butcher,4253714,0,,b
eastenders,file:mark fowler.jpg,4255119,6,,file
eastenders,file:martin fowler29.jpg,4255327,6,,file
eastenders,file:kate mitchell.jpg,4255544,6,,file
eastenders,file:nina harris6.jpg,4255617,6,,file
eastenders,file:matthew rose0.jpg,4255658,6,,file
eastenders,file:jake moon8.jpg,4255687,6,,file
eastenders,file:spencer moon1.jpg,4263464,6,,file
eastenders,file:johnny-allen0.jpg,4268129,6,,file
eastenders,file:honey mitchell.jpg,4268201,6,,file
eastenders,file:craig fairbrass.jpg,4280425,6,,file
eastenders,file:something outta nothing.jpg,4343178,6,,file
eastenders,file:steveiyiui.jpg,4347577,6,,file
eastenders,cindy beale,4359121,0,,start
eastenders,file:cindy beale99.jpg,4359171,6,,file
eastenders,file:ricy&sam wedding.jpg,4368021,6,,file
eastenders,file:sakia's murder.jpg,4368564,6,,file
eastenders,file:dot&jim0.jpg,4368784,6,,file
eastenders,file:dens death77.jpg,4369302,6,,file
eastenders,file:simon wicks.jpg,4380884,6,,file
eastenders,simon wicks,4380898,0,,b
eastenders,libby fox,4391160,0,,c
eastenders,irene raymond,4404419,0,,start
eastenders,terry raymond,4405190,0,,start
eastenders,simon raymond,4412038,0,,start
eastenders,beppe di marco,4413539,0,,start
eastenders,mary smith (eastenders),4425052,0,,c
eastenders,sue osman,4468500,0,,b
eastenders,ali osman,4471870,0,,b
eastenders,lou beale,4477878,0,,b
eastenders,debbie wilkins,4490249,0,,c
eastenders,lilly mattock,4503699,0,,c
eastenders,lofty holloway,4514406,0,,b
eastenders,annie palmer,4516184,0,,start
eastenders,file:watts family tree (eastenders).png,4520476,6,,file
eastenders,gianni di marco,4523680,0,,start
eastenders,rosa di marco,4534264,0,,b
eastenders,lorraine wicks,4538976,0,,start
eastenders,file:andy o'brien .jpg,4546476,6,,file
eastenders,file:mo trevor.jpg,4561539,6,,file
eastenders,kelvin carpenter,4570188,0,,c
eastenders,jules tavernier (eastenders),4574503,0,,c
eastenders,clyde tavernier,4584329,0,,start
eastenders,file:pauline and joe marry.jpg,4628365,6,,file
eastenders,file:dennisdead.jpg,4628396,6,,file
eastenders,file:phil&grant&danny.jpg,4628686,6,,file
eastenders,file:johnny&danny.jpg,4628723,6,,file
eastenders,file:mark fowler (david scarboro).jpg,4631870,6,,file
eastenders,debbie bates,4636603,0,,start
eastenders,richard cole (eastenders),4637644,0,,start
eastenders,steve elliot,4641502,0,,start
eastenders,cindy williams (eastenders),4641744,0,,c
eastenders,file:mark&nickcotton.jpg,4648806,6,,file
eastenders,marge green,4653277,0,,c
eastenders,file:sam andy hunter.jpg,4662732,6,,file
eastenders,aidan brosnan,4685960,0,,c
eastenders,naima jeffery,4691698,0,,c
eastenders,saeed jeffery,4695815,0,,c
eastenders,tanya branning,4703562,0,,c
eastenders,donna ludlow,4711571,0,,start
eastenders,file:darren001a.jpg,4713547,6,,file
eastenders,file:dot lou ethel ee.jpg,4734363,6,,file
eastenders,abi branning,4768094,0,,ga
eastenders,aunt sal,4787046,0,,start
eastenders,conor flaherty,4813799,0,,stub
eastenders,file:gary beadle ee.jpg,4823711,6,,file
eastenders,file:nanna moon ee.jpg,4823771,6,,file
eastenders,file:laura beale.jpg,4823816,6,,file
eastenders,file:arthur mental breakdown.jpg,4827668,6,,file
eastenders,file:joe wicks.jpg,4832560,6,,file
eastenders,file:marc bannerman oo.jpg,4833317,6,,file
eastenders,rod norman,4866878,0,,start
eastenders,file:michelle fowler shot.jpg,4868452,6,,file
eastenders,file:natalie barry evans ee.jpg,4869242,6,,file
eastenders,file:libbyfoxee.jpg,4948918,6,,file
eastenders,george palmer (eastenders),4960734,0,,start
eastenders,tony carpenter,4970440,0,,b
eastenders,clare bates,5011063,0,,b
eastenders,rob minter,5021840,0,,start
eastenders,file:conor flaherty.jpg,5022785,6,,file
eastenders,file:irene raymond ee.jpg,5022839,6,,file
eastenders,file:terry raymond ee.jpg,5022859,6,,file
eastenders,file:simon raymond.jpg,5022876,6,,file
eastenders,mehmet osman,5037402,0,,b
eastenders,owen turner,5076311,0,,start
eastenders,category:eastenders families,5101957,14,,category
eastenders,category:eastenders lists,5118770,14,,category
eastenders,category:eastenders locations,5118866,14,,category
eastenders,category:eastenders storylines,5128640,14,,category
eastenders,josie mcfarlane,5158472,0,,b
eastenders,fred fonseca,5181779,0,,c
eastenders,mary flaherty (eastenders),5183110,0,,start
eastenders,alan jackson (eastenders),5194987,0,,c
eastenders,billie jackson,5209322,0,,start
eastenders,april branning,5210930,0,,start
eastenders,ted hills,5232179,0,,start
eastenders,file:josie mcfarlane.jpg,5301855,6,,file
eastenders,nellie ellis,5350921,0,,c
eastenders,lauren branning,5351220,0,,c
eastenders,file:mandy aidan 93.jpg,5362197,6,,file
eastenders,file:rod norman ee.jpg,5385431,6,,file
eastenders,file:sue osman ee ee.jpg,5385685,6,,file
eastenders,file:lorraine wicks ee.jpg,5393451,6,,file
eastenders,file:debs wilkins.jpg,5393564,6,,file
eastenders,file:charlie cotton.jpg,5393673,6,,file
eastenders,file:lilly mattock 78787.jpg,5393701,6,,file
eastenders,file:lou raymond 222.jpg,5394207,6,,file
eastenders,file:alan jackson.jpg,5399617,6,,file
eastenders,file:james willmott-brown.jpg,5399654,6,,file
eastenders,colin russell (eastenders),5412386,0,,b
eastenders,file:colin cahman.jpg,5419447,6,,file
eastenders,file:annie palmer ee.jpg,5442038,6,,file
eastenders,file:saeed jeffery ee.jpg,5449088,6,,file
eastenders,file:naima jeffery.jpg,5449107,6,,file
eastenders,file:ali osman.jpg,5449134,6,,file
eastenders,file:lou beale eastend.jpg,5449152,6,,file
eastenders,file:ant trueman.jpg,5456823,6,,file
eastenders,file:paul arth fryin.jpg,5457038,6,,file
eastenders,file:mary flaherty.jpg,5479455,6,,file
eastenders,file:trevor morgan eee.jpg,5479580,6,,file
eastenders,file:sharon dennis marry ee.jpg,5480513,6,,file
eastenders,karim family,5495495,0,,c
eastenders,wikipedia:wikiproject eastenders/project log,5534958,4,,project
eastenders,wikipedia:wikiproject eastenders/to do,5546556,4,,project
eastenders,file:chelsea fox.jpg,5551181,6,,file
eastenders,file:jane collins.jpg,5551192,6,,file
eastenders,file:yolande trueman.jpg,5551319,6,,file
eastenders,sanjay kapoor (eastenders),5574531,0,,start
eastenders,file:sanjay kapoor ee.jpg,5574570,6,,file
eastenders,gita kapoor,5587304,0,,start
eastenders,binnie roberts,5625854,0,,start
eastenders,the banned (eastenders),5642156,0,,c
eastenders,file:zoe kelly.jpg,5658868,6,,file
eastenders,file:dan moon.jpg,5660170,6,,file
eastenders,diederick santer,5668590,0,,stub
eastenders,file:robbie jackson ee.jpg,5672813,6,,file
eastenders,mo butcher,5735846,0,,c
eastenders,huw edwards (eastenders),5736070,0,,start
eastenders,file:max branning.jpg,5762390,6,,file
eastenders,christine hewitt,5774926,0,,start
eastenders,file:christine hewitt.jpg,5774959,6,,file
eastenders,file:steve owen ee.jpg,5785830,6,,file
eastenders,file:clyde tavernier.jpg,5828717,6,,file
eastenders,file:lauren branning (madeline duggan).jpg,5830598,6,,file
eastenders,category:eastenders images,5842532,14,,category
eastenders,file:rosie swann 2.jpg,5857450,6,,file
eastenders,file:michelle fowler.jpg,5868249,6,,file
eastenders,file:grant787.jpg,5868359,6,,file
eastenders,file:angie watts.jpg,5868529,6,,file
eastenders,file:peggy mitchell.jpg,5868648,6,,file
eastenders,file:keef miller.jpg,5879762,6,,file
eastenders,file:mickey miller2.jpg,5879945,6,,file
eastenders,file:little mo mitchell.jpg,5893478,6,,file
eastenders,file:dennis rickhh.jpg,5897940,6,,file
eastenders,carmel jackson,5921874,0,,b
eastenders,file:arthur fowler.jpg,5922527,6,,file
eastenders,file:youngkelvin.jpg,5950956,6,,file
eastenders,file:mehmet osman.jpg,5951150,6,,file
eastenders,file:punk mary.jpg,5964499,6,,file
eastenders,file:sue osmss.jpg,5964724,6,,file
eastenders,file:sharon1985.jpg,5986856,6,,file
eastenders,file:ian beale 1985.jpg,5986938,6,,file
eastenders,file:michelle fowler (1985).jpg,5986952,6,,file
eastenders,file:tony carpenter.jpg,5986995,6,,file
eastenders,file:pete1985.jpg,5987011,6,,file
eastenders,file:naima jeffery (1985).jpg,5988757,6,,file
eastenders,file:kathy1985.jpg,5988814,6,,file
eastenders,file:legg1985.jpg,5988842,6,,file
eastenders,file:carol jackson.jpg,6041847,6,,file
eastenders,janet mitchell,6068694,0,,start
eastenders,file:celestine tavernier ee.jpg,6088146,6,,file
eastenders,file:jules tavernier ee.jpg,6088237,6,,file
eastenders,joanne francis,6100647,0,,c
eastenders,stella crawford,6143598,0,,start
eastenders,template:eastenders,6245423,10,,template
eastenders,list of eastenders television spin-offs,6265228,0,,list
eastenders,tony hills,6295439,0,,start
eastenders,file:young sonia.jpg,6373078,6,,file
eastenders,file:kelly spencer.jpg,6373251,6,,file
eastenders,file:rosa di marco.jpg,6441829,6,,file
eastenders,file:peggy mitchell (jo warne).jpg,6488066,6,,file
eastenders,who shot phil?,6495665,0,,c
eastenders,get johnny week,6521771,0,,c
eastenders,file:irene troy.jpg,6831961,6,,file
eastenders,may wright,6857956,0,,c
eastenders,shirley carter,6897084,0,,c
eastenders,every loser wins,7035505,0,,stub
eastenders,file:sharon rickman.jpg,7052185,6,,file
eastenders,wikipedia:wikiproject eastenders/articles,7085496,4,,project
eastenders,file:andy1985.jpg,7085863,6,,file
eastenders,file:philmitchell2dtv.jpg,7093614,6,,file
eastenders,file:peggymitchell2dtv.jpg,7095378,6,,file
eastenders,portal:eastenders,7112258,100,,portal
eastenders,portal:eastenders/box-header,7112278,100,,portal
eastenders,portal:eastenders/box-footer,7112286,100,,portal
eastenders,portal:eastenders/intro,7112592,100,,portal
eastenders,portal:eastenders/wikiprojects,7112815,100,,portal
eastenders,portal:eastenders/selected biography,7113216,100,,portal
eastenders,portal:eastenders/selected article,7113361,100,,portal
eastenders,portal:eastenders/things you can do,7113415,100,,portal
eastenders,portal:eastenders/categories,7113573,100,,portal
eastenders,portal:eastenders/eastenders news,7113801,100,,portal
eastenders,portal:eastenders/eastenders topics,7114886,100,,portal
eastenders,portal:eastenders/did you know,7115062,100,,portal
eastenders,template:wikiproject eastenders,7122488,10,,template
eastenders,category:ga-class eastenders articles,7132431,14,,category
eastenders,category:wikiproject eastenders,7132437,14,,category
eastenders,wikipedia:wikiproject eastenders/assessment,7132544,4,,project
eastenders,category:wikiproject eastenders articles,7134167,14,,category
eastenders,category:unassessed eastenders articles,7135240,14,,category
eastenders,category:b-class eastenders articles,7135370,14,,category
eastenders,category:stub-class eastenders articles,7135505,14,,category
eastenders,category:start-class eastenders articles,7135605,14,,category
eastenders,portal:eastenders/did you know/archive,7208773,100,,portal
eastenders,portal:eastenders/eastenders news/archive,7219231,100,,portal
eastenders,file:tariq larousi ee.jpg,7327618,6,,file
eastenders,file:billy mitchell ee.jpg,7327743,6,,file
eastenders,file:alex healy.jpg,7384779,6,,file
eastenders,file:eastenders title.png,7398314,6,,file
eastenders,file:peterbeale22.jpg,7402377,6,,file
eastenders,file:willy the pug.jpg,7516188,6,,file
eastenders,file:every loser wins cover.jpg,7547414,6,,file
eastenders,file:dr may ee.jpg,7564622,6,,file
eastenders,file:mel ianwedding.jpg,7565005,6,,file
eastenders,file:rob minter.jpg,7590841,6,,file
eastenders,file:roly.jpg,7600210,6,,file
eastenders,roly,7600228,0,,b
eastenders,file:stella crawford ee.jpg,7608177,6,,file
eastenders,file:the banned eastenders.jpg,7615150,6,,file
eastenders,file:joanne francis.jpg,7615294,6,,file
eastenders,file:kenny beale.jpg,7615339,6,,file
eastenders,willy (eastenders),7617180,0,,start
eastenders,file:den ange divorce.jpg,7650787,6,,file
eastenders,file:tom banks ee .jpg,7692900,6,,file
eastenders,file:tanya branning.jpg,7703688,6,,file
eastenders,list of eastenders two-hander episodes,7711850,0,,start
eastenders,file:ronny ee3.jpg,7750695,6,,file
eastenders,file:joe macer ee.jpg,7762025,6,,file
eastenders,della alexander,7794246,0,,start
eastenders,file:della binnie.jpg,7794577,6,,file
eastenders,file:binnie roberts ee.jpg,7794618,6,,file
eastenders,file:della alexander.jpg,7823253,6,,file
eastenders,file:steven beale ee2.jpg,7828008,6,,file
eastenders,file:frank bowtie.jpg,7861344,6,,file
eastenders,file:pat frank wedding.jpg,7875404,6,,file
eastenders,file:tony hills ee.jpg,7901144,6,,file
eastenders,file:den watts.jpg,7921269,6,,file
eastenders,file:fred fonseca.jpg,7940837,6,,file
eastenders,file:cindy222.jpg,7952820,6,,file
eastenders,file:nick heroin.jpg,7952869,6,,file
eastenders,file:peggy22.jpg,7953030,6,,file
eastenders,file:sharon phil grant sharongate eastenders.jpg,7956790,6,,file
eastenders,file:ricky22.jpg,7958336,6,,file
eastenders,file:pauline333.jpg,8053287,6,,file
eastenders,file:holland smith.jpg,8070399,6,,file
eastenders,file:margegreencoombs.jpg,8070504,6,,file
eastenders,category:wikiproject eastenders participants,8077356,14,,category
eastenders,file:sue cotdeath ee.jpg,8088140,6,,file
eastenders,file:ee tv2.png,8115992,6,,file
eastenders,file:den daffs.jpg,8129560,6,,file
eastenders,file:lou karen meagher.jpg,8225341,6,,file
eastenders,file:et civvy.jpg,8226189,6,,file
eastenders,file:ruthfowler.jpg,8264322,6,,file
eastenders,jay brown,8285094,0,,c
eastenders,ruth fowler,8308154,0,,start
eastenders,something outa nothing,8321367,0,,stub
eastenders,category:eastenders spin-offs,8321437,14,,category
eastenders,anyone can fall in love,8321988,0,,stub
eastenders,file:anyone can fall in love.jpg,8322047,6,,file
eastenders,file:stevee elliotee.jpg,8324638,6,,file
eastenders,file:shirley carter.jpg,8337692,6,,file
eastenders,file:billy jackson.jpg,8376990,6,,file
eastenders,file:georgepalmer ee.jpg,8406366,6,,file
eastenders,file:lorraine stanley as mo porter.jpg,8424146,6,,file
eastenders,file:dot branning (tallulah pitt-brown).jpg,8441113,6,,file
eastenders,file:grant shax.jpg,8545007,6,,file
eastenders,file:tedhills1.jpg,8614361,6,,file
eastenders,file:barryclarke.jpg,8721275,6,,file
eastenders,barry clark (eastenders),8721391,0,,b
eastenders,file:sal martin (1996).jpg,8896400,6,,file
eastenders,file:colin barry2.jpg,9028098,6,,file
eastenders,file:colin guido kiss.jpg,9028170,6,,file
eastenders,julie cooper (eastenders),9195402,0,,c
eastenders,file:trevor short ee.jpg,9257420,6,,file
eastenders,trevor short,9257454,0,,c
eastenders,file:aidan-hobo.jpg,9326982,6,,file
eastenders,file:2dtv eastenders cast.jpg,9371448,6,,file
eastenders,eastenders in popular culture,9372065,0,,start
eastenders,file:paul priestly ee.jpg,9445884,6,,file
eastenders,paul priestly,9445891,0,,c
eastenders,file:phil mitchell.jpg,9688072,6,,file
eastenders,file:liambutcher2.jpg,9775682,6,,file
eastenders,list of eastenders crew members,9836784,0,,list
eastenders,portal:eastenders/related portals,9941793,100,,portal
eastenders,file:donna ludlow ee.jpg,10305474,6,,file
eastenders,file:robbie jackson 22.jpg,10410546,6,,file
eastenders,roxy mitchell,10723742,0,,c
eastenders,list of eastenders characters (1985),10803239,0,,list
eastenders,file:uncle ee.jpg,10836739,6,,file
eastenders,list of eastenders characters (2007),11103651,0,,list
eastenders,branning family,11109485,0,,start
eastenders,polly becker,11146932,0,,c
eastenders,file:pollybecker.jpg,11172930,6,,file
eastenders,file:janine butcher young.jpg,11229059,6,,file
eastenders,file:lucy beale 2.jpg,11261766,6,,file
eastenders,file:francis butcher.jpg,11264885,6,,file
eastenders,zainab masood,11313467,0,,c
eastenders,shabnam masood,11313483,0,,c
eastenders,category:eastenders templates,11324966,14,,category
eastenders,template:wpeeinvite,11458098,10,,template
eastenders,willy roper,11495652,0,,c
eastenders,file:willyroper.jpg,11495753,6,,file
eastenders,file:pauline dead.jpg,11577352,6,,file
eastenders,file:fowlerfamily.jpg,11598278,6,,file
eastenders,jeff povey,11611679,0,,stub
eastenders,file:lofty bar.jpg,11630382,6,,file
eastenders,file:clare bates (young).jpg,11632893,6,,file
eastenders,jase dyer,11663097,0,,c
eastenders,file:dennis and angie.jpg,11672905,6,,file
eastenders,file:d-legg2007.jpg,11688325,6,,file
eastenders,file:willyputdown.jpg,11703315,6,,file
eastenders,file:second janine butcher.jpg,11703684,6,,file
eastenders,file:dawncuffed2.jpg,11874644,6,,file
eastenders,heather trott,11886051,0,,c
eastenders,file:bruno dimarco.jpg,12125874,6,,file
eastenders,file:luisa dimarco.jpg,12148674,6,,file
eastenders,file:julie haye.jpg,12152670,6,,file
eastenders,julie haye,12152718,0,,c
eastenders,jack branning,12232614,0,,c
eastenders,geoff barnes,12263152,0,,c
eastenders,file:geoff barnes.jpg,12263169,6,,file
eastenders,file:jase brown.jpg,12382728,6,,file
eastenders,file:janine butcher.jpg,12445677,6,,file
eastenders,file:s masood.jpg,12445826,6,,file
eastenders,tamwar masood,12490387,0,,c
eastenders,masood ahmed,12490459,0,,c
eastenders,file:roxy mitchell.jpg,12514365,6,,file
eastenders,file:vicks fowler slm.jpg,12514450,6,,file
eastenders,rainie cross,12582020,0,,ga
eastenders,file:andy-hunter.jpg,12646964,6,,file
eastenders,file:nat 1994 ee.jpg,12663364,6,,file
eastenders,file:zainab masood.jpg,12666963,6,,file
eastenders,vinnie monks,12694452,0,,c
eastenders,list of eastenders spin-off characters,12770263,0,,list
eastenders,list of eastenders characters (1986),12797491,0,,list
eastenders,list of eastenders characters (1987),12797660,0,,list
eastenders,list of eastenders characters (1988),12797827,0,,list
eastenders,list of eastenders characters (1989),12797916,0,,list
eastenders,list of eastenders characters (1990),12797932,0,,list
eastenders,list of eastenders characters (1991),12797938,0,,list
eastenders,list of eastenders characters (1992),12797990,0,,list
eastenders,list of eastenders characters (1993),12797992,0,,list
eastenders,list of eastenders characters (1994),12798000,0,,list
eastenders,list of eastenders characters (2005),12807478,0,,list
eastenders,list of eastenders characters (2006),12808015,0,,list
eastenders,list of eastenders characters (1996),12810941,0,,list
eastenders,list of eastenders characters (1997),12810942,0,,list
eastenders,list of eastenders characters (1998),12810945,0,,list
eastenders,list of eastenders characters (1999),12810946,0,,list
eastenders,list of eastenders characters (2001),12811303,0,,list
eastenders,list of eastenders characters (2002),12811304,0,,list
eastenders,list of eastenders characters (2003),12811306,0,,list
eastenders,list of eastenders characters (2004),12811307,0,,list
eastenders,tom hooper,12926429,0,,ga
eastenders,file:laurie bates.jpg,13033065,6,,file
eastenders,laurie bates,13033069,0,,c
eastenders,dominic treadwell-collins,13342488,0,,start
eastenders,file:vinnie monks.jpg,13665436,6,,file
eastenders,file:mr masood.jpg,13759855,6,,file
eastenders,category:eastenders articles by quality,13976975,14,,category
eastenders,wikipedia:version 1.0 editorial team/eastenders articles by quality statistics,13977174,4,,project
eastenders,wikipedia:version 1.0 editorial team/eastenders articles by quality log,13977235,4,,project
eastenders,file:mo harris 2007.jpg,14006057,6,,file
eastenders,category:a-class eastenders articles,14041056,14,,category
eastenders,dickens hill,14041929,0,,c
eastenders,file:dennick.jpg,14072206,6,,file
eastenders,lorna cartwright,14174813,0,,c
eastenders,file:lorna cartwright.jpg,14174834,6,,file
eastenders,christian clarke,14227349,0,,c
eastenders,frankie pierre,14475551,0,,b
eastenders,file:frankie pierre.jpg,14475613,6,,file
eastenders,file:darren miller.jpg,14512201,6,,file
eastenders,category:fa-class eastenders articles,14599149,14,,category
eastenders,eastenders episodes in ireland,14667459,0,,c
eastenders,fassett square,14673797,0,,stub
eastenders,file:sal martin.jpg,14751611,6,,file
eastenders,list of eastenders characters (2008),15033067,0,,list
eastenders,file:mickey miller.jpg,15105475,6,,file
eastenders,kim fox,15194771,0,,c
eastenders,ronnie mitchell,15240760,0,,b
eastenders,file:dot1985.jpg,15327965,6,,file
eastenders,file:dot cotton ethel skinner.jpg,15327967,6,,file
eastenders,lucas johnson,15468638,0,,start
eastenders,file:pretty baby.jpg,15526616,6,,file
eastenders,category:eastenders articles in need of real-world perspective,15560722,14,,category
eastenders,category:category-class eastenders articles,15653856,14,,category
eastenders,category:disambig-class eastenders articles,15653870,14,,category
eastenders,category:list-class eastenders articles,15653882,14,,category
eastenders,category:portal-class eastenders articles,15653885,14,,category
eastenders,category:redirect-class eastenders articles,15653891,14,,category
eastenders,category:template-class eastenders articles,15653900,14,,category
eastenders,file:julia's theme (eastenders).ogg,15759214,6,,file
eastenders,file:eastenders theme.ogg,15759460,6,,file
eastenders,archie mitchell,16170794,0,,c
eastenders,file:tony holland.jpg,16242548,6,,file
eastenders,whitney dean,16368202,0,,ga
eastenders,tiffany butcher,16368407,0,,c
eastenders,file:youngbianca jackson.jpg,16384089,6,,file
eastenders,file:billy jackson (bluey robinson).jpg,16437856,6,,file
eastenders,file:matt carmel jackson.jpg,16464342,6,,file
eastenders,file:butcher, liam 2.jpg,16513093,6,,file
eastenders,file:lucas johnson.jpg,16750702,6,,file
eastenders,file:liam butcher.jpg,16750807,6,,file
eastenders,file:diane butcher 1989.jpg,16778606,6,,file
eastenders,file:diane frank homeless 1990.jpg,16781340,6,,file
eastenders,file:diane 1997.jpg,16781454,6,,file
eastenders,bryan kirkwood (producer),16823182,0,,start
eastenders,file:b r wedding.jpg,16830105,6,,file
eastenders,file:rickaaaaaaay.ogg,16919336,6,,file
eastenders,file:get outta my pub!.ogg,16920190,6,,file
eastenders,suzy branning,17073153,0,,start
eastenders,file:stax.jpg,17199994,6,,file
eastenders,file:stace 2004.jpg,17215504,6,,file
eastenders,user:gungadin/christmas in eastenders,17487815,2,,draft
eastenders,lucy beale,18010509,0,,c
eastenders,file:clare bates (princess leia).jpg,18131298,6,,file
eastenders,file:clare bates (return).jpg,18131347,6,,file
eastenders,file:barry evans eastenders 2004.jpg,18177852,6,,file
eastenders,category:c-class eastenders articles,18231532,14,,category
eastenders,tony king (eastenders),18250970,0,,ga
eastenders,file:welllard kyte.jpg,18307789,6,,file
eastenders,file:sam mitchell 1992.jpg,18336126,6,,file
eastenders,danielle jones (eastenders),18498649,0,,ga
eastenders,wikipedia:wikiproject eastenders/list of residences in eastenders,18738777,4,,project
eastenders,paul rose (writer),18905294,0,,stub
eastenders,file:danielle ee.jpg,18924046,6,,file
eastenders,wikipedia:wikiproject eastenders/participants,19074447,4,,project
eastenders,wikipedia:wikiproject eastenders/sidebar,19077240,4,,template
eastenders,wikipedia:wikiproject eastenders/outreach,19077816,4,,project
eastenders,wikipedia:wikiproject eastenders/outreach/welcome,19077898,4,,template
eastenders,wikipedia:wikiproject eastenders/outreach/invitation,19078741,4,,template
eastenders,template:wikiproject eastenders/doc,19105304,10,,template
eastenders,file:tony king.jpg,19300820,6,,file
eastenders,wikipedia:wikiproject eastenders/operation: cleanup,19402497,4,,project
eastenders,file:christian clarke.jpg,20220200,6,,file
eastenders,category:fl-class eastenders articles,20445758,14,,category
eastenders,category:project-class eastenders articles,20445870,14,,category
eastenders,file:whitney confesses.jpg,20786777,6,,file
eastenders,list of eastenders characters (2009),20868125,0,,list
eastenders,user:dbd/ee/beale family,21134523,2,,draft
eastenders,category:na-class eastenders articles,21362230,14,,category
eastenders,syed masood,21640844,0,,c
eastenders,user:trampikey/calendar,21643101,2,,draft
eastenders,list of awards and nominations received by eastenders,21720983,0,,list
eastenders,wikipedia:wikiproject eastenders/article alerts,21992465,4,,project
eastenders,wikipedia:wikiproject eastenders/templates and categories,22093494,4,,project
eastenders,category:eastenders media files,22119696,14,,category
eastenders,category:eastenders sounds,22119697,14,,category
eastenders,al jenkins,22189135,0,,start
eastenders,the secret mitchell,22257903,0,,c
eastenders,wikipedia:wikiproject eastenders/list of births, marriages and deaths in eastenders,22266404,4,,project
eastenders,mitchell family,22274543,0,,start
eastenders,template:wikiproject eastenders/class,22277384,10,,template
eastenders,amira masood,22413963,0,,c
eastenders,file:daniellestacey.jpg,22482060,6,,file
eastenders,file:danielledead.jpg,22482094,6,,file
eastenders,file:al jenkins.jpg,22646517,6,,file
eastenders,file:amira shah.jpg,22786774,6,,file
eastenders,lucy gannon,22908829,0,,start
eastenders,adam best (eastenders),23105887,0,,start
eastenders,ferreira family,23319623,0,,ga
eastenders,watts family,23525515,0,,c
eastenders,ryan malloy,23559446,0,,c
eastenders,list of eastenders characters (1995),23563407,0,,list
eastenders,template:eastenders characters,23918051,10,,template
eastenders,file:adam best.jpg,24308357,6,,file
eastenders,wikipedia:wikiproject eastenders/free-use images,24457866,4,,project
eastenders,list of eastenders characters (2010),24723903,0,,list
eastenders,eastenders: e20,24811736,0,,ga
eastenders,glenda mitchell,24877815,0,,c
eastenders,file:young carol jackson.jpg,25162191,6,,file
eastenders,leon small,25211684,0,,b
eastenders,fatboy (eastenders),25211688,0,,ga
eastenders,zsa zsa carter,25211701,0,,b
eastenders,mercy olubunmi,25211704,0,,b
eastenders,file:watts family tree.png,25240165,6,,file
eastenders,file:wattsxmas2004.jpg,25271026,6,,file
eastenders,file:wattsvic.jpg,25288301,6,,file
eastenders,file:watts family.jpg,25288776,6,,file
eastenders,file:chrissie watts (stylish).jpg,25406244,6,,file
eastenders,user:junipers liege/workspace/dennis,25500747,2,,draft
eastenders,danny mitchell (eastenders),25559058,0,,start
eastenders,category:lists of eastenders characters,25578448,14,,category
eastenders,template:eastenders character external link,25680278,10,,template
eastenders,wikipedia:wikiproject eastenders/welcome,25716867,4,,project
eastenders,wikipedia:wikiproject eastenders/style guide,25716944,4,,project
eastenders,wikipedia:wikiproject eastenders/organisation,25717058,4,,project
eastenders,wikipedia:wikiproject eastenders/achievements,25717111,4,,project
eastenders,wikipedia:wikiproject eastenders/see also,25717249,4,,project
eastenders,wikipedia:wikiproject eastenders/inclusion,25717378,4,,project
eastenders,wikipedia:wikiproject eastenders/articles,25717858,4,,project
eastenders,wikipedia:wikiproject eastenders/what you can do,25718947,4,,project
eastenders,who killed archie?,25727505,0,,ga
eastenders,file:eastenders e20.jpg,25734139,6,,file
eastenders,alex healy (eastenders),25839559,0,,start
eastenders,file:billie jackson.jpg,26108783,6,,file
eastenders,eastenders live,26193307,0,,ga
eastenders,user:anemoneprojectors/eastenders25,26227590,2,,draft
eastenders,user:junipers liege/slater family,26292060,2,,draft
eastenders,user:junipers liege/butcher family,26292126,2,,draft
eastenders,user:junipers liege/eastenders families,26306314,2,,draft
eastenders,pretty baby....,26404211,0,,ga
eastenders,clive arnold,26417385,0,,b
eastenders,file:bradley branning 2004.jpg,26446788,6,,file
eastenders,category:eastenders episodes,26472177,14,,category
eastenders,bruno and luisa di marco,26856987,0,,b
eastenders,template:eastenders: e20,26880099,10,,template
eastenders,list of eastenders: e20 characters,26887490,0,,list
eastenders,file:fatboy.jpg,27093647,6,,file
eastenders,file:glenda mitchell.jpg,27101595,6,,file
eastenders,jodie gold,27297512,0,,c
eastenders,vanessa gold,27297515,0,,c
eastenders,category:eastenders: e20,27495967,14,,category
eastenders,james willmott-brown,27617497,0,,start
eastenders,file:kim medcalf.jpg,27713647,6,,file
eastenders,file:danny mitchell.jpg,27722470,6,,file
eastenders,file:jodie gold.jpg,27979907,6,,file
eastenders,category:file-class eastenders articles,28161230,14,,category
eastenders,michael moon (eastenders),28174962,0,,c
eastenders,file:lucy beale3.jpg,28203576,6,,file
eastenders,file:lisa shaw 1990s.jpg,28287572,6,,file
eastenders,file:zsazsa-carter.jpg,28416552,6,,file
eastenders,file:leonsmall25.jpg,28444774,6,,file
eastenders,file:heather ee.jpg,28521254,6,,file
eastenders,file:jean slater.jpg,28639679,6,,file
eastenders,user:frickative/list of eastenders episodes (2009),28668649,2,,draft
eastenders,user:anemoneprojectors/list of eastenders episodes (1985),28673996,2,,draft
eastenders,list of eastenders: e20 episodes,28674460,0,,list
eastenders,category:eastenders music,28705050,14,,category
eastenders,queen vic fire week,28716770,0,,ga
eastenders,file:melanie owen.jpg,28801625,6,,file
eastenders,user:anemoneprojectors/list of eastenders episodes (1999),28808188,2,,draft
eastenders,dexter (eastenders),28810724,0,,disambig
eastenders,file:eastenders e20 series 2 cast.jpg,28832692,6,,file
eastenders,file:danniella westbrook.jpg,28848319,6,,file
eastenders,file:zoe slater77.jpg,28871172,6,,file
eastenders,file:kat moon.jpg,28894157,6,,file
eastenders,file:lauren branning (jaqueline jossa).jpg,28971058,6,,file
eastenders,user:bluebolt94/list 2010,29156009,2,,draft
eastenders,user:bluebolt94/alan,29164491,2,,draft
eastenders,file:blossom-jackson ee.jpg,29364274,6,,file
eastenders,file:alan jackson 2010.jpg,29467556,6,,file
eastenders,asher levi,29513691,0,,ga
eastenders,stevie dickinson,29513707,0,,ga
eastenders,naz mehmet,29513730,0,,ga
eastenders,sol levi,29513758,0,,ga
eastenders,yusef khan,29626532,0,,ga
eastenders,east street (children in need),29637992,0,,start
eastenders,user:anemoneprojectors/ronnie swaps her baby for kat's,29692835,2,,draft
eastenders,stephen tredre,29697331,0,,stub
eastenders,file:stevie dickinson.jpg,29872488,6,,file
eastenders,file:asher levi.jpg,29872534,6,,file
eastenders,file:sol levi.jpg,29872599,6,,file
eastenders,file:naz mehmet.jpg,29872654,6,,file
eastenders,file:bianca jackson2.jpg,30012126,6,,file
eastenders,celestine and etta tavernier,30107242,0,,c
eastenders,file:etta tavernier ee.jpg,30107303,6,,file
eastenders,file:tricky dicky cole.jpg,30124505,6,,file
eastenders,list of eastenders characters (2011),30138316,0,,list
eastenders,user:anemoneprojectors/list of eastenders episodes (2011),30143086,2,,draft
eastenders,file:nellie ellis.jpg,30164288,6,,file
eastenders,file:ian beale.jpg,30222152,6,,file
eastenders,user:anemoneprojectors/list of eastenders episodes (2010),30230017,2,,draft
eastenders,file:clare bates.jpg,30241514,6,,file
eastenders,file:ruby allen22.jpg,30241577,6,,file
eastenders,file:dianne butcher1.jpg,30241667,6,,file
eastenders,file:aidan brosnan.jpg,30241675,6,,file
eastenders,file:suzy branning-08.jpg,30241680,6,,file
eastenders,file:bradly.jpg,30241686,6,,file
eastenders,file:april branning.jpg,30241693,6,,file
eastenders,file:stevenbeale 2007.jpg,30241699,6,,file
eastenders,file:peter beale actors.jpg,30241710,6,,file
eastenders,file:nigel bates ee.jpg,30241747,6,,file
eastenders,file:debbie bates ee.jpg,30241757,6,,file
eastenders,file:frank butcher222.jpg,30241775,6,,file
eastenders,file:julie cooper ee.jpg,30250979,6,,file
eastenders,file:ashley cotton.jpg,30250992,6,,file
eastenders,file:nick cotton.jpg,30251079,6,,file
eastenders,file:beppe dimarco.jpg,30251096,6,,file
eastenders,file:sean slater ee.jpg,30298984,6,,file
eastenders,file:owen turner.jpg,30325625,6,,file
eastenders,file:kara dawn swann.jpg,30360592,6,,file
eastenders,file:a mitchell-ee.jpg,30385871,6,,file
eastenders,file:garry.jpg,30387428,6,,file
eastenders,file:abi branning (2006).jpg,30390268,6,,file
eastenders,file:abi branning.jpg,30392515,6,,file
eastenders,file:carmel+jackson.jpg,30410345,6,,file
eastenders,file:minty peterson44.jpg,30410357,6,,file
eastenders,file:kelvin1.jpg,30410379,6,,file
eastenders,file:chrissie watts.jpg,30446274,6,,file
eastenders,file:charlie slater2.jpg,30460881,6,,file
eastenders,file:denise fox.jpg,30461510,6,,file
eastenders,file:kevin wicks.jpg,30461527,6,,file
eastenders,file:tamwarmasood.jpg,30483385,6,,file
eastenders,file:carly wicks.jpg,30483712,6,,file
eastenders,file:jackbranning.jpg,30498500,6,,file
eastenders,file:jim branning.jpg,30498648,6,,file
eastenders,file:ryan malloy ee.jpg,30498717,6,,file
eastenders,file:syed masood2.jpg,30500333,6,,file
eastenders,file:lynne slater2.jpg,30512134,6,,file
eastenders,file:wellard dog.jpg,30523869,6,,file
eastenders,file:gus smith ee.jpg,30524806,6,,file
eastenders,file:dean, tiffany.jpg,30524813,6,,file
eastenders,file:vanessa gold.jpg,30526591,6,,file
eastenders,sean o'connor (producer),30535686,0,,start
eastenders,file:emma cooke as pat harris.jpg,30596858,6,,file
eastenders,eddie moon,30602188,0,,b
eastenders,file:gita kapoor ee.jpg,30634401,6,,file
eastenders,file:demi miller ee.jpg,30759816,6,,file
eastenders,file:pat evans (1986).jpg,30828709,6,,file
eastenders,file:pat pam.jpg,30828711,6,,file
eastenders,minty peterson,30864785,0,,start
eastenders,file:yusef khan.jpg,31036850,6,,file
eastenders,file:michael-moon.jpg,31037256,6,,file
eastenders,file:patrick trueman.jpg,31048976,6,,file
eastenders,file:natalie evans3.jpg,31088411,6,,file
eastenders,file:dot branning.jpg,31164556,6,,file
eastenders,file:whitney dean.jpg,31238882,6,,file
eastenders,user:m.mario/sandbox:rob grayson,31275545,2,,draft
eastenders,user:bluebolt94/rob grayson,31287858,2,,draft
eastenders,file:pauline fowler.jpg,31367366,6,,file
eastenders,file:mobutcher22.jpg,31425850,6,,file
eastenders,file:kim fox.jpg,31430854,6,,file
eastenders,file:grant mitchell eastenders.jpg,31449267,6,,file
eastenders,file:jay brown (2007).jpg,31506385,6,,file
eastenders,file:jay brown.jpg,31506455,6,,file
eastenders,file:mercy olubunmi.jpg,31564274,6,,file
eastenders,file:rainie cross.jpg,31564378,6,,file
eastenders,anthony moon,31728802,0,,ga
eastenders,manda best,31735545,0,,c
eastenders,file:kelly taylor2.jpg,31861324,6,,file
eastenders,cora cross,31942921,0,,ga
eastenders,user:anemoneprojectors/moon family,31944039,2,,draft
eastenders,lola pearce,32004110,0,,c
eastenders,file:eddie moon.jpg,32010774,6,,file
eastenders,file:mandy salter.jpg,32024543,6,,file
eastenders,file:manda best.jpg,32097100,6,,file
eastenders,file:dotty cotton.jpg,32108707,6,,file
eastenders,file:nick cotton (1985).jpg,32115516,6,,file
eastenders,greg jessop,32117613,0,,c
eastenders,user:m.mario/sandbox:tracey (eastenders),32127289,2,,draft
eastenders,louise raymond,32157107,0,,start
eastenders,afia masood,32304402,0,,c
eastenders,user:bluebolt94/julie perkins,32304512,2,,draft
eastenders,file:huw edwards.jpg,32316801,6,,file
eastenders,user:bluebolt94/mia mckenna bruce,32344442,2,,draft
eastenders,user:bluebolt94/liz turner,32366121,2,,draft
eastenders,file:mandy salter 2011.jpg,32912232,6,,file
eastenders,file:tiffany mitchell.jpg,32943953,6,,file
eastenders,file:east street title.png,33064064,6,,file
eastenders,tyler moon,33076367,0,,c
eastenders,file:rainie and phil.jpg,33086327,6,,file
eastenders,user:bluebolt94/faith olubunmi,33280405,2,,draft
eastenders,file:anthony moon.jpg,33390979,6,,file
eastenders,user:m.mario/sandbox:cross family,33486957,2,,draft
eastenders,poppy meadow,33535921,0,,fa
eastenders,user:bluebolt94/eastenders residences,33579932,2,,draft
eastenders,list of eastenders characters (2012),33665770,0,,list
eastenders,file:poppy meadow.jpg,33737527,6,,file
eastenders,dotty cotton,33799209,0,,ga
eastenders,user:bluebolt94/branning week,33877383,2,,draft
eastenders,derek branning,33884405,0,,c
eastenders,user:m.mario/sandbox:whitney's story,33894784,2,,draft
eastenders,file:derek branning.jpg,33908374,6,,file
eastenders,jill marsden (eastenders),34136083,0,,ga
eastenders,file:tyler moon.jpg,34193716,6,,file
eastenders,file:terence beesley.jpg,34220007,6,,file
eastenders,lydia simmonds,34236516,0,,c
eastenders,file:lydia simmonds.jpg,34243657,6,,file
eastenders,file:david wicks 2012.jpg,34260148,6,,file
eastenders,file:jill marsden.jpg,34260457,6,,file
eastenders,file:afia masood.jpg,34279219,6,,file
eastenders,user:bluebolt94/rose cotton,34291203,2,,draft
eastenders,user:bluebolt94/ray dixon,34308936,2,,draft
eastenders,file:lucy beale.jpg,34360572,6,,file
eastenders,ray dixon,34367747,0,,c
eastenders,file:cora cross.jpg,34472190,6,,file
eastenders,file:kat, alfie and tommy.jpg,34535536,6,,file
eastenders,user:anemoneprojectors/list of eastenders cast members,34667314,2,,draft
eastenders,user:anemoneprojectors/list of eastenders episodes (2012),34738488,2,,draft
eastenders,file:moonfamilytree.png,34764348,6,,file
eastenders,user:bluebolt94/bert atkinson,34847285,2,,draft
eastenders,file:eastenders cast 1985.jpg,35075177,6,,file
eastenders,file:eastenders cast 2000.jpg,35075929,6,,file
eastenders,file:the watts family eastenders 1980s.jpg,35076855,6,,file
eastenders,file:lydia simmonds (margaret tyzack).jpg,35200876,6,,file
eastenders,user:bluebolt94/sarah hills,35410294,2,,draft
eastenders,file:kathleen slater ee.jpg,35627578,6,,file
eastenders,user:bluebolt94/list of eastenders characters,35670839,2,,draft
eastenders,file:ray dixon.jpg,35792724,6,,file
eastenders,alice branning,36162718,0,,c
eastenders,who's been sleeping with kat?,36334279,0,,b
eastenders,episode 4466,36605000,0,,b
eastenders,user:soapc1/sandbox,36779112,2,,draft
eastenders,user:bluebolt94/jeff healy,36853283,2,,draft
eastenders,category:eastenders navigational boxes,37038550,14,,category
eastenders,file:greg jessop.jpg,37271528,6,,file
eastenders,user:bluebolt94/trish barnes,37322503,2,,draft
eastenders,user:anemoneprojectors/joey branning,37424752,2,,draft
eastenders,aj ahmed,37550192,0,,ga
eastenders,list of eastenders characters (2013),37578555,0,,list
eastenders,dexter hartman,37578565,0,,c
eastenders,lorraine newman,37589696,0,,start
eastenders,user:anemoneprojectors/list of eastenders episodes (2013),37968563,2,,draft
eastenders,user:anemoneprojectors/kirsty branning,38079168,2,,draft
eastenders,user:anemoneprojectors/ayesha rana,38120588,2,,draft
eastenders,user:bluebolt94/kirsty branning,38275407,2,,draft
eastenders,user:anemoneprojectors/liam's gang,38928961,2,,draft
eastenders,user:eastendersfan2004/sandbox,38937581,2,,draft
eastenders,file:beales2010.jpg,39410577,6,,file
eastenders,file:eastenders e20 series 3 cast.jpg,39464900,6,,file
eastenders,file:peter beale.jpg,39616467,6,,file
eastenders,carl white,39646807,0,,b
eastenders,user:tinamckintyre23/sandbox,39683093,2,,draft
eastenders,user:bluebolt94/bobby beale,40130547,2,,draft
eastenders,user:anemoneprojectors/list of eastenders episodes (article),40502537,2,,draft
eastenders,tina carter,40570354,0,,c
eastenders,user:bluebolt94/ava hartman,40619104,2,,draft
eastenders,file:aj ahmed eastenders.jpg,40638313,6,,file
eastenders,linda carter,40674101,0,,c
eastenders,tony basgallop,40845203,0,,start
eastenders,nancy carter,40918346,0,,start
eastenders,user:anemoneprojectors/terry spraggan,41024297,2,,draft
eastenders,file:alice branning.jpg,41138091,6,,file
eastenders,list of eastenders characters (2014),41140902,0,,list
eastenders,category:eastenders character redirects to lists,41143079,14,,category
eastenders,user:anemoneprojectors/list of eastenders episodes (2014),41326165,2,,draft
eastenders,user:anemoneprojectors/johnny carter (eastenders),41356120,2,,draft
eastenders,carter family (eastenders),41364928,0,,start
eastenders,mick carter,41407651,0,,b
eastenders,file:carl white eastenders.jpg,41425364,6,,file
eastenders,user:anemoneprojectors/list of pets in eastenders,41468204,2,,draft
eastenders,file:rakhee thakrar as shabnam.png,41734911,6,,file
eastenders,file:mick carter.png,41735813,6,,file
eastenders,file:ronnie mitchell.jpg,41736415,6,,file
eastenders,file:khali best as dexter.jpg,41807080,6,,file
eastenders,file:stacey slater (2014).jpg,42155189,6,,file
eastenders,user:jamie11281128/sandbox,42510168,2,,draft
eastenders,who killed lucy beale?,42518611,0,,start
eastenders,file:eastenders cast 2014.jpg,42540246,6,,file
eastenders,user:soaper1234/list of eastenders locations,42845489,2,,draft
eastenders,charlie cotton (2014 character),43157357,0,,c
eastenders,file:carter family (eastenders) 2014.jpg,43381693,6,,file
eastenders,file:ben mitchell eastenders.png,43565950,6,,file
eastenders,list of eastenders characters (2015),43662546,0,,list
eastenders,file:ben mitchell (eastenders).jpg,44044065,6,,file
eastenders,file:lola pearce.jpg,44559708,6,,file
eastenders,file:fowlers and beales eastenders.jpg,44587440,6,,file
eastenders,file:martin fowler 4.png,44640396,6,,file
eastenders,file:linda carter1.png,44706122,6,,file
eastenders,file:ina clare2.png,44744682,6,,file
eastenders,file:tina carter.jpg,44797459,6,,file
eastenders,file:shane richie as alfie moon.png,44872051,6,,file
eastenders,user:bluebolt94/emma summerhayes,44939484,2,,draft
eastenders,file:charlie cotton.png,44965795,6,,file
eastenders,file:janet mitchell.png,44984262,6,,file
eastenders,eastenders live week,45401211,0,,c
eastenders,file:bobby beale eliot.jpg,45450622,6,,file
eastenders,file:kathybeale2015liveweek.png,45464398,6,,file
eastenders,file:cindywilliamsjr.png,45465726,6,,file
eastenders,file:deanwickseastenders.png,45465828,6,,file
eastenders,vincent hubbard,46388379,0,,start
eastenders,kat & alfie: redwater,46519352,0,,b
eastenders,file:vincent hubbard.jpg,46877356,6,,file
eastenders,paul coker (eastenders),46880591,0,,c
eastenders,gavin sullivan,47093579,0,,b
eastenders,user:anemoneprojectors/buster briggs,47595112,2,,draft
eastenders,martin fowler (eastenders),48460580,0,,start
eastenders,wellard,48460586,0,,ga
eastenders,file:nancy carter.jpg,48557300,6,,file
eastenders,trevor morgan (eastenders),48579636,0,,start
eastenders,list of eastenders characters (2000),48579677,0,,list
eastenders,user:anemoneprojectors/list of eastenders episodes (2016),48761409,2,,draft
eastenders,list of eastenders characters (2016),48792000,0,,list
eastenders,stan carter,48879049,0,,b
eastenders,file:stan carter.png,49136734,6,,file
eastenders,file:beale family (2013).jpg,49216270,6,,file
eastenders,civvystreet,49610703,0,,c
eastenders,babe smith,49686269,0,,ga
eastenders,list of kat & alfie: redwater characters,50132731,0,,list
eastenders,file:paul coker (eastenders).jpg,50365317,6,,file
eastenders,user:anemoneprojectors/episode 5276,50409380,2,,draft
eastenders,file:steven beale (2016).jpg,50679905,6,,file
eastenders,user:anemoneprojectors/claudette hubbard,50789757,2,,draft
eastenders,file:sam mitchell 2016.png,51021908,6,,file
eastenders,file:beale family (2016).jpg,51114144,6,,file
eastenders,file:colin russell.png,51569443,6,,file
eastenders,file:tiffany butcher (2016).jpg,52183184,6,,file
eastenders,list of eastenders characters (2017),52573456,0,,list
eastenders,file:michelle fowler (2016).jpg,52679950,6,,file
eastenders,file:civvystreet title card (26 december 1988).jpg,53326113,6,,file
eastenders,file:gavin sullivan.jpg,53557140,6,,file
eastenders,file:eastenders albert + accreditation (9 may 2016).jpg,53653036,6,,file
eastenders,file:eastenders world map.svg,54158332,6,,file
